Question (AR),Question (EN),Answer (AR),Answer (EN),Category (AR),Subcategory (AR),Category (EN),Subcategory (EN)
كم بطاقة صفراء تؤدي للطرد؟,How many yellow cards usually result in a red card?,2,2,⚽ رياضة,كرة قدم,⚽ Sports,Football
كم شوطاً في المباراة؟,How many halves are there in a match?,2,2,⚽ رياضة,كرة قدم,⚽ Sports,Football
كم كأس عالم فاز بها بيليه؟,How many World Cups did Pelé win?,3,3,⚽ رياضة,كرة قدم,⚽ Sports,Football
كم عدد التبديلات المسموح بها غالباً؟,How many substitutes are generally allowed in modern competitions?,5,5,⚽ رياضة,كرة قدم,⚽ Sports,Football
ما الرقم الشهير المرتبط برونالدو؟,Which famous number is associated with Cristiano Ronaldo?,7,7,⚽ رياضة,كرة قدم,⚽ Sports,Football
ما الرقم الشهير المرتبط بمارادونا؟,Which famous number is associated with Diego Maradona?,10,10,⚽ رياضة,كرة قدم,⚽ Sports,Football
ما الرقم الشهير لميسي مع الأرجنتين؟,Which famous number is associated with Messi for Argentina?,10,10,⚽ رياضة,كرة قدم,⚽ Sports,Football
ما الرقم الشهير لبيليه؟,What number did Pelé famously wear?,10,10,⚽ رياضة,كرة قدم,⚽ Sports,Football
ما الرقم الذي اعتزله نابولي تكريماً لمارادونا؟,Which number did Napoli retire for Maradona?,10,10,⚽ رياضة,كرة قدم,⚽ Sports,Football
كم عدد لاعبي الفريق داخل الملعب؟,How many players are on the field for one team?,11,11,⚽ رياضة,كرة قدم,⚽ Sports,Football
كم لاعباً يوجد داخل الملعب أثناء المباراة؟,What is the maximum number of players on the field in a match?,22,22,⚽ رياضة,كرة قدم,⚽ Sports,Football
كم تبعد نقطة الجزاء عن المرمى؟,How far is the penalty spot from the goal line?,12 ياردة,12 yards,⚽ رياضة,كرة قدم,⚽ Sports,Football
في أي كأس عالم استُخدم VAR لأول مرة؟,Which competition introduced VAR at a World Cup?,كأس العالم 2018,2018 World Cup,⚽ رياضة,كرة قدم,⚽ Sports,Football
كم مدة الوقت الإضافي؟,How many minutes is extra time in knockout matches?,30 دقيقة,30 minutes,⚽ رياضة,كرة قدم,⚽ Sports,Football
كم مدة مباراة كرة القدم؟,How long is a football match?,90 دقيقة,90 minutes,⚽ رياضة,كرة قدم,⚽ Sports,Football
لأي نادٍ إيطالي لعب جورج وياه؟,Which club did George Weah play for in Italy?,ميلان,AC Milan,⚽ رياضة,كرة قدم,⚽ Sports,Football
أي نادٍ يُلقب بالروسونيري؟,Which club is known as The Rossoneri?,ميلان,AC Milan,⚽ رياضة,كرة قدم,⚽ Sports,Football
لأي نادٍ اشتهر يوهان كرويف؟,Which club did Johan Cruyff play for most famously?,أياكس,Ajax,⚽ رياضة,كرة قدم,⚽ Sports,Football
من كان مدرب مانشستر يونايتد عام 1999؟,Which manager led Manchester United in 1999?,أليكس فيرغسون,Alex Ferguson,⚽ رياضة,كرة قدم,⚽ Sports,Football
من يُعرف بسير أليكس؟,Who is known as Sir Alex?,أليكس فيرغسون,Alex Ferguson,⚽ رياضة,كرة قدم,⚽ Sports,Football
من فاز بكأس أمم أفريقيا 2019؟,Which country won AFCON 2019?,الجزائر,Algeria,⚽ رياضة,كرة قدم,⚽ Sports,Football
ما اسم ملعب بايرن ميونخ؟,What is the home stadium of Bayern Munich?,أليانز أرينا,Allianz Arena,⚽ رياضة,كرة قدم,⚽ Sports,Football
ما اسم ملعب يوفنتوس؟,What is the home stadium of Juventus?,أليانز ستاديوم,Allianz Stadium,⚽ رياضة,كرة قدم,⚽ Sports,Football
من كان يُعرف بالساحر الصغير؟,Which midfielder was known as The Little Magician?,أندريس إنييستا,Andrés Iniesta,⚽ رياضة,كرة قدم,⚽ Sports,Football
من سجل هدف الفوز في نهائي 2010؟,Which player scored the winning goal in the 2010 World Cup final?,أندريس إنييستا,Andrés Iniesta,⚽ رياضة,كرة قدم,⚽ Sports,Football
أي لاعب وسط سجل في نهائي 2010؟,Which midfielder scored in the 2010 World Cup final?,أندريس إنييستا,Andrés Iniesta,⚽ رياضة,كرة قدم,⚽ Sports,Football
من فاز بكأس العالم 1986؟,Which country won the 1986 FIFA World Cup?,الأرجنتين,Argentina,⚽ رياضة,كرة قدم,⚽ Sports,Football
من فاز بكأس العالم 1978؟,Which country won the 1978 FIFA World Cup?,الأرجنتين,Argentina,⚽ رياضة,كرة قدم,⚽ Sports,Football
من خسر نهائي كأس العالم 2014؟,Which team lost the 2014 World Cup final?,الأرجنتين,Argentina,⚽ رياضة,كرة قدم,⚽ Sports,Football
أي دولة فازت بكأس العالم 2022؟,Which country won the 2022 FIFA World Cup?,الأرجنتين,Argentina,⚽ رياضة,كرة قدم,⚽ Sports,Football
لأي منتخب يلعب ليونيل ميسي؟,Which country does Lionel Messi represent?,الأرجنتين,Argentina,⚽ رياضة,كرة قدم,⚽ Sports,Football
أي منتخب يُلقب بالألبيسيليستي؟,Which country is nicknamed La Albiceleste?,الأرجنتين,Argentina,⚽ رياضة,كرة قدم,⚽ Sports,Football
من فاز بكوبا أمريكا 2021؟,Which country won Copa América 2021?,الأرجنتين,Argentina,⚽ رياضة,كرة قدم,⚽ Sports,Football
من فاز بكوبا أمريكا 2024؟,Which country won Copa América 2024?,الأرجنتين,Argentina,⚽ رياضة,كرة قدم,⚽ Sports,Football
من خسر أول نهائي كأس عالم؟,Which country lost the first World Cup final?,الأرجنتين,Argentina,⚽ رياضة,كرة قدم,⚽ Sports,Football
من أي دولة نادي ريفر بليت؟,Which country is River Plate from?,الأرجنتين,Argentina,⚽ رياضة,كرة قدم,⚽ Sports,Football
من أي دولة نادي بوكا جونيورز؟,Which country is Boca Juniors from?,الأرجنتين,Argentina,⚽ رياضة,كرة قدم,⚽ Sports,Football
أي نادٍ يلعب في ملعب الإمارات؟,Which club plays at Emirates Stadium?,أرسنال,Arsenal,⚽ رياضة,كرة قدم,⚽ Sports,Football
أي نادٍ يُلقب بالمدفعجية؟,Which club is nicknamed The Gunners?,أرسنال,Arsenal,⚽ رياضة,كرة قدم,⚽ Sports,Football
أي نادٍ فاز بأكبر عدد من كؤوس الاتحاد الإنجليزي؟,Which club has won the most FA Cups?,أرسنال,Arsenal,⚽ رياضة,كرة قدم,⚽ Sports,Football
أي نادٍ فاز بالدوري الانكليزي دون هزيمة؟,Which club won the Premier League unbeaten?,أرسنال,Arsenal,⚽ رياضة,كرة قدم,⚽ Sports,Football
أي مدير فني من فاز بالدوري الإنجليزي دون هزيمة عام 2004؟,Which manager won the Premier League unbeaten in 2004?,أرسين فينغر,Arsène Wenger,⚽ رياضة,كرة قدم,⚽ Sports,Football
أي نادي انكليزي يُلقب بالفيلانز؟,Which English club is nicknamed The Villans?,أستون فيلا,Aston Villa,⚽ رياضة,كرة قدم,⚽ Sports,Football
أي ناد اسباني يُلقب بالروخي بلانكوس؟,Which Spanish club is nicknamed The Colchoneros?,أتلتيكو مدريد,Atlético Madrid,⚽ رياضة,كرة قدم,⚽ Sports,Football
في أي نادٍ اشتهر فرناندو توريس؟,Which club made Fernando Torres famous?,أتلتيكو مدريد,Atlético Madrid,⚽ رياضة,كرة قدم,⚽ Sports,Football
ما لقب المنتخب الإيطالي؟,What is the nickname of the Italian national team?,الأزوري,Azzurri,⚽ رياضة,كرة قدم,⚽ Sports,Football
إلى أي نادٍ انتقل رونالدينيو من باريس سان جيرمان؟,Which club did Ronaldinho join from PSG?,برشلونة,Barcelona,⚽ رياضة,كرة قدم,⚽ Sports,Football
أي نادٍ ضم ميسي وهو مراهق؟,Which club signed Messi as a teenager?,برشلونة,Barcelona,⚽ رياضة,كرة قدم,⚽ Sports,Football
من فاز بالدوري الألماني عام 2024؟,Which club won the Bundesliga in 2024?,باير ليفركوزن,Bayer Leverkusen,⚽ رياضة,كرة قدم,⚽ Sports,Football
أي نادٍ يلعب في أليانز أرينا؟,Which club plays at Allianz Arena?,بايرن ميونخ,Bayern Munich,⚽ رياضة,كرة قدم,⚽ Sports,Football
من فاز بدوري الأبطال 2020؟,Which club won the Champions League in 2020?,بايرن ميونخ,Bayern Munich,⚽ رياضة,كرة قدم,⚽ Sports,Football
لأي نادٍ يلعب هاري كين؟,Which club does Harry Kane play for?,بايرن ميونخ,Bayern Munich,⚽ رياضة,كرة قدم,⚽ Sports,Football
أي نادٍ شهير يقع في مدينة ميونخ؟,Which famous football club is based in Munich?,بايرن ميونخ,Bayern Munich,⚽ رياضة,كرة قدم,⚽ Sports,Football
لأي منتخب يلعب كيفن دي بروين؟,Which country does Kevin De Bruyne represent?,بلجيكا,Belgium,⚽ رياضة,كرة قدم,⚽ Sports,Football
أي منتخب يُعرف بالشياطين الحمر؟,Which country is known as the Red Devils internationally?,بلجيكا,Belgium,⚽ رياضة,كرة قدم,⚽ Sports,Football
ما لقب برشلونة؟,What is the nickname of FC Barcelona?,البلوغرانا,Blaugrana,⚽ رياضة,كرة قدم,⚽ Sports,Football
أي نادٍ كرة قدم يقع في دورتموند؟,Which Football club is based in Dortmund?,بوروسيا دورتموند,Borussia Dortmund,⚽ رياضة,كرة قدم,⚽ Sports,Football
أي نادٍ يُعرف بـ BVB؟,Which club is known as BVB?,بوروسيا دورتموند,Borussia Dortmund,⚽ رياضة,كرة قدم,⚽ Sports,Football
أي نادٍ إنجليزي يُلقب بالكرز؟,Which English club is nicknamed The Cherries?,بورنموث,Bournemouth,⚽ رياضة,كرة قدم,⚽ Sports,Football
من فاز بكأس العالم 2002؟,Which country won the 2002 FIFA World Cup?,البرازيل,Brazil,⚽ رياضة,كرة قدم,⚽ Sports,Football
من فاز بكأس العالم 1994؟,Which country won the 1994 FIFA World Cup?,البرازيل,Brazil,⚽ رياضة,كرة قدم,⚽ Sports,Football
من فاز بكأس العالم 1970؟,Which country won the 1970 FIFA World Cup?,البرازيل,Brazil,⚽ رياضة,كرة قدم,⚽ Sports,Football
أي منتخب شارك في جميع نسخ كأس العالم؟,Which nation has appeared in every World Cup?,البرازيل,Brazil,⚽ رياضة,كرة قدم,⚽ Sports,Football
أي دولة استضافت كأس العالم 2014؟,Which country hosted the 2014 World Cup?,البرازيل,Brazil,⚽ رياضة,كرة قدم,⚽ Sports,Football
من فاز بكأس القارات 2013؟,Which country won the Confederations Cup 2013?,البرازيل,Brazil,⚽ رياضة,كرة قدم,⚽ Sports,Football
من فاز بذهبية كرة القدم الأولمبية 2016؟,Which country won Olympic football gold in 2016?,البرازيل,Brazil,⚽ رياضة,كرة قدم,⚽ Sports,Football
من فاز بذهبية كرة القدم الأولمبية 2020؟,Which country won Olympic football gold in 2020?,البرازيل,Brazil,⚽ رياضة,كرة قدم,⚽ Sports,Football
أي دولة فازت بأكبر عدد من كؤوس العالم؟,Which country has won the most FIFA World Cups?,البرازيل,Brazil,⚽ رياضة,كرة قدم,⚽ Sports,Football
أي منتخب يُلقب بالسيليساو؟,Which country is nicknamed Seleção?,البرازيل,Brazil,⚽ رياضة,كرة قدم,⚽ Sports,Football
أي نادٍ إنجليزي يُلقب بالنحل؟,Which English club is nicknamed The Bees?,برينتفورد,Brentford,⚽ رياضة,كرة قدم,⚽ Sports,Football
من فاز بأمم أفريقيا 2017؟,Which country won AFCON 2017?,الكاميرون,Cameroon,⚽ رياضة,كرة قدم,⚽ Sports,Football
ما اسم ملعب نادي برشلونة؟,What is Barcelona's home stadium name?,كامب نو,Camp Nou,⚽ رياضة,كرة قدم,⚽ Sports,Football
أي نادٍ يلعب في ستامفورد بريدج؟,Which club plays at Stamford Bridge?,تشيلسي,Chelsea,⚽ رياضة,كرة قدم,⚽ Sports,Football
من فاز بدوري الأبطال 2012؟,Which club won the Champions League in 2012?,تشيلسي,Chelsea,⚽ رياضة,كرة قدم,⚽ Sports,Football
من فاز بدوري الأبطال 2021؟,Which club won the Champions League in 2021?,تشيلسي,Chelsea,⚽ رياضة,كرة قدم,⚽ Sports,Football
أي نادٍ يُلقب بالبلوز؟,Which club is nicknamed The Blues?,تشيلسي,Chelsea,⚽ رياضة,كرة قدم,⚽ Sports,Football
من فاز بكوبا أمريكا المئوية 2016؟,Which country won the 2016 Copa América Centenario?,تشيلي,Chile,⚽ رياضة,كرة قدم,⚽ Sports,Football
من درب ليستر عند فوزه بالدوري؟,Who managed Leicester during their 2016 title win?,كلاوديو رانييري,Claudio Ranieri,⚽ رياضة,كرة قدم,⚽ Sports,Football
من فاز بأول كأس عالم للأندية بنظامه الحديث؟,Which club won the inaugural FIFA Club World Cup in 2000?,كورينثيانز,Corinthians,⚽ رياضة,كرة قدم,⚽ Sports,Football
أي لاعب يُعرف بـ CR7؟,Which player is known as CR7?,كريستيانو رونالدو,Cristiano Ronaldo,⚽ رياضة,كرة قدم,⚽ Sports,Football
من الهداف التاريخي لدوري الأبطال؟,Who is the all-time top scorer in the Champions League?,كريستيانو رونالدو,Cristiano Ronaldo,⚽ رياضة,كرة قدم,⚽ Sports,Football
من الهداف التاريخي للبرتغال؟,Who is Portugal's all-time top scorer?,كريستيانو رونالدو,Cristiano Ronaldo,⚽ رياضة,كرة قدم,⚽ Sports,Football
من صاحب أكبر عدد أهداف دولية؟,Which player has scored the most international goals?,كريستيانو رونالدو,Cristiano Ronaldo,⚽ رياضة,كرة قدم,⚽ Sports,Football
من خسر نهائي كأس العالم 2018؟,Which team lost the 2018 World Cup final?,كرواتيا,Croatia,⚽ رياضة,كرة قدم,⚽ Sports,Football
أي نادٍ يُلقب بالنسور؟,Which club is nicknamed The Eagles?,كريستال بالاس,Crystal Palace,⚽ رياضة,كرة قدم,⚽ Sports,Football
أي مهاجم فرنسي سجل الهدف الذهبي في نهائي يورو 2000؟,Which French striker scored the Golden Goal in Euro 2000 final?,دافيد تريزيغيه,David Trezeguet,⚽ رياضة,كرة قدم,⚽ Sports,Football
من فاز بيورو 1992؟,Which country won the 1992 European Championship?,الدنمارك,Denmark,⚽ رياضة,كرة قدم,⚽ Sports,Football
من يُلقب بالرجل الجليدي؟,Which player is nicknamed Iceman?,دينيس بيركامب,Dennis Bergkamp,⚽ رياضة,كرة قدم,⚽ Sports,Football
ما اسم مباراة ميلان وإنتر؟,Which derby is AC Milan vs Inter Milan?,ديربي الغضب,Derby della Madonnina,⚽ رياضة,كرة قدم,⚽ Sports,Football
ما لقب المنتخب الألماني؟,What is the nickname of the German national team?,المانشافت,Die Mannschaft,⚽ رياضة,كرة قدم,⚽ Sports,Football
ما لقب بايرن ميونخ؟,What is the nickname of Bayern Munich?,الحمر,Die Roten,⚽ رياضة,كرة قدم,⚽ Sports,Football
من سجل هدف يد الله؟,Who scored the Hand of God goal?,دييغو مارادونا,Diego Maradona,⚽ رياضة,كرة قدم,⚽ Sports,Football
من سجل هدف القرن في 1986؟,"Which player scored the ""Goal of the Century"" in 1986?",دييغو مارادونا,Diego Maradona,⚽ رياضة,كرة قدم,⚽ Sports,Football
أي أسطورة أرجنتينية لعبت لنابولي؟,Which Argentine legend played for Napoli?,دييغو مارادونا,Diego Maradona,⚽ رياضة,كرة قدم,⚽ Sports,Football
من سجل هدف الفوز في نهائي يورو 2016؟,Who scored the winning goal in the Euro 2016 final?,إيدر,Éder,⚽ رياضة,كرة قدم,⚽ Sports,Football
أي دولة أفريقية فازت بأكبر عدد من بطولات أمم أفريقيا؟,Which African country has won the most AFCON titles?,مصر,Egypt,⚽ رياضة,كرة قدم,⚽ Sports,Football
ما لقب منتخب المكسيك؟,What is the nickname of the Mexican national team?,إل تري,El Tri,⚽ رياضة,كرة قدم,⚽ Sports,Football
من فاز بالقفاز الذهبي في كأس العالم 2022؟,Which goalkeeper won the 2022 World Cup Golden Glove?,إيميليانو مارتينيز,Emiliano Martínez,⚽ رياضة,كرة قدم,⚽ Sports,Football
من فاز بكأس العالم 1966؟,Which country won the 1966 FIFA World Cup?,إنجلترا,England,⚽ رياضة,كرة قدم,⚽ Sports,Football
أي منتخب يُعرف بالأسود الثلاثة؟,Which country is known as the Three Lions?,إنجلترا,England,⚽ رياضة,كرة قدم,⚽ Sports,Football
أي لاعب فرنسي لُقب بالملك؟,Which French player was nicknamed The King?,إريك كانتونا,Eric Cantona,⚽ رياضة,كرة قدم,⚽ Sports,Football
أي نادٍ يُلقب بالتوفيز؟,Which club is nicknamed The Toffees?,إيفرتون,Everton,⚽ رياضة,كرة قدم,⚽ Sports,Football
من لُقب بالنينيو؟,Which player was nicknamed El Niño?,فيرناندو توريس,Fernando Torres,⚽ رياضة,كرة قدم,⚽ Sports,Football
من أكبر منافسي أياكس؟,Which club is known as Ajax's biggest rival?,فينورد,Feyenoord,⚽ رياضة,كرة قدم,⚽ Sports,Football
من كان رئيس ريال مدريد في عصر الجلاكتيكوس؟,Who was Real Madrid president during the Galácticos era?,فلورنتينو بيريز,Florentino Pérez,⚽ رياضة,كرة قدم,⚽ Sports,Football
من فاز بكوبا ليبرتادوريس 2023؟,Which club won the Copa Libertadores in 2023?,فلومينينسي,Fluminense,⚽ رياضة,كرة قدم,⚽ Sports,Football
من فاز بكأس العالم 1998؟,Which country won the 1998 FIFA World Cup?,فرنسا,France,⚽ رياضة,كرة قدم,⚽ Sports,Football
من خسر نهائي كأس العالم 2022؟,Which team lost the 2022 World Cup final?,فرنسا,France,⚽ رياضة,كرة قدم,⚽ Sports,Football
من فاز بكأس العالم 2018؟,Which country won the 2018 World Cup?,فرنسا,France,⚽ رياضة,كرة قدم,⚽ Sports,Football
أي دولة استضافت يورو 2016؟,Which country hosted Euro 2016?,فرنسا,France,⚽ رياضة,كرة قدم,⚽ Sports,Football
من فاز بيورو 2000؟,Which nation won Euro 2000?,فرنسا,France,⚽ رياضة,كرة قدم,⚽ Sports,Football
أي نادٍ إنجليزي يُلقب بالأكواخ؟,Which English club is nicknamed The Cottagers?,فولهام,Fulham,⚽ رياضة,كرة قدم,⚽ Sports,Football
أي لاعب أفريقي فاز بالكرة الذهبية 1995؟,Which African player won the Ballon d'Or in 1995?,جورج وياه,George Weah,⚽ رياضة,كرة قدم,⚽ Sports,Football
أي دولة استضافت كأس العالم 2006؟,Which country hosted the 2006 World Cup?,ألمانيا,Germany,⚽ رياضة,كرة قدم,⚽ Sports,Football
من فاز بكأس العالم 2014؟,Which country won the 2014 World Cup?,ألمانيا,Germany,⚽ رياضة,كرة قدم,⚽ Sports,Football
أي دولة استضافت يورو 2024؟,Which country hosted Euro 2024?,ألمانيا,Germany,⚽ رياضة,كرة قدم,⚽ Sports,Football
من فاز بيورو 2004؟,Which country won Euro 2004?,اليونان,Greece,⚽ رياضة,كرة قدم,⚽ Sports,Football
أي حارس قاد إسبانيا للفوز بكأس العالم؟,Which goalkeeper captained Spain to the 2010 World Cup?,إيكر كاسياس,Iker Casillas,⚽ رياضة,كرة قدم,⚽ Sports,Football
أي حارس إسباني لُقب بالقديس؟,Which Spanish goalkeeper was nicknamed The Saint?,إيكر كاسياس,Iker Casillas,⚽ رياضة,كرة قدم,⚽ Sports,Football
من فاز بالدوري الإيطالي 2024؟,Which club won Serie A in 2024?,إنتر ميلان,Inter Milan,⚽ رياضة,كرة قدم,⚽ Sports,Football
أي نادٍ يُلقب بالنيراتزوري؟,Which club is known as The Nerazzurri?,إنتر ميلان,Inter Milan,⚽ رياضة,كرة قدم,⚽ Sports,Football
من فاز بكأس العالم 2006؟,Which country won the 2006 FIFA World Cup?,إيطاليا,Italy,⚽ رياضة,كرة قدم,⚽ Sports,Football
أي دولة فازت بيورو 2020؟,Which country won Euro 2020?,إيطاليا,Italy,⚽ رياضة,كرة قدم,⚽ Sports,Football
جماهير أي دولة تُعرف بالتيفوسي؟,Which country's fans are known as Tifosi?,إيطاليا,Italy,⚽ رياضة,كرة قدم,⚽ Sports,Football
من فاز بكأس أمم أفريقيا 2023؟,Which country won AFCON 2023?,ساحل العاج,Ivory Coast,⚽ رياضة,كرة قدم,⚽ Sports,Football
من فاز بأمم أفريقيا 2015؟,Which country won AFCON 2015?,ساحل العاج,Ivory Coast,⚽ رياضة,كرة قدم,⚽ Sports,Football
من كان هداف ليستر في 2016؟,Which player was Leicester's top scorer in 2016?,جيمي فاردي,Jamie Vardy,⚽ رياضة,كرة قدم,⚽ Sports,Football
أي أسطورة هولندية ارتدت الرقم 14؟,Which Dutch legend wore number 14?,يوهان كرويف,Johan Cruyff,⚽ رياضة,كرة قدم,⚽ Sports,Football
من يُعرف بـ السبيشال وان؟,Which manager is known as The Special One?,جوزيه مورينيو,José Mourinho,⚽ رياضة,كرة قدم,⚽ Sports,Football
من فاز بدوري الأبطال 2004 مع بورتو؟,Which manager won the 2004 Champions League with Porto?,جوزيه مورينيو,José Mourinho,⚽ رياضة,كرة قدم,⚽ Sports,Football
من قاد روما لأول لقب دوري مؤتمر؟,Which manager led Roma to the first Conference League title?,جوزيه مورينيو,José Mourinho,⚽ رياضة,كرة قدم,⚽ Sports,Football
ما النادي المعروف بالسيدة العجوز؟,Which club is known as The Old Lady?,يوفنتوس,Juventus,⚽ رياضة,كرة قدم,⚽ Sports,Football
أي نادٍ يُلقب بالبيانكونيري؟,Which club is nicknamed The Bianconeri?,يوفنتوس,Juventus,⚽ رياضة,كرة قدم,⚽ Sports,Football
أي نادي كرة قدم يقع في مدينة تورينو؟,Which club is based in Turin?,يوفنتوس,Juventus,⚽ رياضة,كرة قدم,⚽ Sports,Football
من فاز بالكرة الذهبية 2007؟,Which player won the 2007 Ballon d'Or?,كاكا,Kaká,⚽ رياضة,كرة قدم,⚽ Sports,Football
من فاز بالكرة الذهبية 2022؟,Which player won the 2022 Ballon d'Or?,كريم بنزيما,Karim Benzema,⚽ رياضة,كرة قدم,⚽ Sports,Football
من سجل هاتريك في نهائي كأس العالم 2022؟,Who scored a hat-trick in the 2022 World Cup final?,كيليان مبابي,Kylian Mbappé,⚽ رياضة,كرة قدم,⚽ Sports,Football
من فاز بالحذاء الذهبي في كأس العالم 2022؟,Which player won the 2022 World Cup Golden Boot?,كيليان مبابي,Kylian Mbappé,⚽ رياضة,كرة قدم,⚽ Sports,Football
ما لقب منتخب الأوروغواي؟,What is the nickname of the Uruguay national team?,لا سيليستي,La Celeste,⚽ رياضة,كرة قدم,⚽ Sports,Football
ما الأكاديمية المشهورة بإنتاج نجوم برشلونة؟,Which academy is famous for producing Barcelona stars?,لا ماسيا,La Masia,⚽ رياضة,كرة قدم,⚽ Sports,Football
أي نادي انكليزي يُلقب بالثعالب؟,Which English club is known as The Foxes?,ليستر سيتي,Leicester City,⚽ رياضة,كرة قدم,⚽ Sports,Football
أي نادٍ حقق لقباً تاريخياً في 2016؟,Which club achieved a famous Premier League title in 2016?,ليستر سيتي,Leicester City,⚽ رياضة,كرة قدم,⚽ Sports,Football
ما لقب المنتخب الفرنسي؟,What is the nickname of the French national team?,الديوك الزرق,Les Bleus,⚽ رياضة,كرة قدم,⚽ Sports,Football
من أي دولة جورج وياه؟,Which country does George Weah come from?,ليبيريا,Liberia,⚽ رياضة,كرة قدم,⚽ Sports,Football
من كان قائد الأرجنتين في كأس العالم 2022؟,Who captained Argentina to the 2022 World Cup?,ليونيل ميسي,Lionel Messi,⚽ رياضة,كرة قدم,⚽ Sports,Football
من فاز بالكرة الذهبية في كأس العالم 2022؟,Who won the Golden Ball at the 2022 World Cup?,ليونيل ميسي,Lionel Messi,⚽ رياضة,كرة قدم,⚽ Sports,Football
أي لاعب فاز بأكبر عدد من الكرات الذهبية؟,Which player has won the most Ballon d'Or awards?,ليونيل ميسي,Lionel Messi,⚽ رياضة,كرة قدم,⚽ Sports,Football
من يُلقب بالبرغوث؟,Which player is nicknamed The Flea?,ليونيل ميسي,Lionel Messi,⚽ رياضة,كرة قدم,⚽ Sports,Football
من الهداف التاريخي للأرجنتين؟,Who is Argentina's all-time top scorer?,ليونيل ميسي,Lionel Messi,⚽ رياضة,كرة قدم,⚽ Sports,Football
من فاز بالكرة الذهبية 2023؟,Which player won the 2023 Ballon d'Or?,ليونيل ميسي,Lionel Messi,⚽ رياضة,كرة قدم,⚽ Sports,Football
أي نادٍ يلعب في أنفيلد؟,Which club plays at Anfield?,ليفربول,Liverpool,⚽ رياضة,كرة قدم,⚽ Sports,Football
من فاز بدوري الأبطال 2019؟,Which club won the Champions League in 2019?,ليفربول,Liverpool,⚽ رياضة,كرة قدم,⚽ Sports,Football
في أي مدينة يقع نادي ليفربول؟,In which city is Liverpool FC based?,ليفربول,Liverpool,⚽ رياضة,كرة قدم,⚽ Sports,Football
أي نادٍ يُلقب بالحمر؟,Which club is nicknamed The Reds?,ليفربول,Liverpool,⚽ رياضة,كرة قدم,⚽ Sports,Football
أي نادٍ يرتبط بشعار لن تسير وحدك أبداً؟,"Which club is associated with the phrase ""You'll Never Walk Alone""?",ليفربول,Liverpool,⚽ رياضة,كرة قدم,⚽ Sports,Football
ما لقب ريال مدريد؟,What is the nickname of Real Madrid?,الميرينغي,Los Blancos,⚽ رياضة,كرة قدم,⚽ Sports,Football
أي لاعب كرواتي فاز بالكرة الذهبية 2018؟,Which Croatian player won the Ballon d'Or in 2018?,لوكا مودريتش,Luka Modrić,⚽ رياضة,كرة قدم,⚽ Sports,Football
من فاز بالكرة الذهبية 2018؟,Which player won the 2018 Ballon d'Or?,لوكا مودريتش,Luka Modrić,⚽ رياضة,كرة قدم,⚽ Sports,Football
أي ملعب استضاف نهائي كأس العالم 2022؟,Which stadium hosted the 2022 World Cup final?,ملعب لوسيل,Lusail Stadium,⚽ رياضة,كرة قدم,⚽ Sports,Football
ما اسم ديربي ريال مدريد وأتلتيكو مدريد؟,Which derby is Real Madrid vs Atlético Madrid?,ديربي مدريد,Madrid Derby,⚽ رياضة,كرة قدم,⚽ Sports,Football
مع أي نادٍ حقق دي بروين الثلاثية؟,Which club did Kevin De Bruyne help win the 2023 treble?,مانشستر سيتي,Manchester City,⚽ رياضة,كرة قدم,⚽ Sports,Football
من فاز بدوري الأبطال 2023؟,Which club won the Champions League in 2023?,مانشستر سيتي,Manchester City,⚽ رياضة,كرة قدم,⚽ Sports,Football
لأي نادٍ يلعب إرلينغ هالاند؟,Which club does Erling Haaland play for?,مانشستر سيتي,Manchester City,⚽ رياضة,كرة قدم,⚽ Sports,Football
أي نادي إنكليزي يُلقب بالمواطنين؟,Which club is nicknamed The Citizens?,مانشستر سيتي,Manchester City,⚽ رياضة,كرة قدم,⚽ Sports,Football
أي نادٍ حقق الثلاثية عام 2023؟,Which club won the treble in 2023?,مانشستر سيتي,Manchester City,⚽ رياضة,كرة قدم,⚽ Sports,Football
من فاز بالدوري الإنجليزي 2024؟,Which club won the Premier League in 2024?,مانشستر سيتي,Manchester City,⚽ رياضة,كرة قدم,⚽ Sports,Football
جماهير أي نادٍ تغني Blue Moon؟,"Which club's fans sing ""Blue Moon""?",مانشستر سيتي,Manchester City,⚽ رياضة,كرة قدم,⚽ Sports,Football
أي نادٍ حقق الثلاثية عام 1999؟,Which club won the treble in 1999?,مانشستر يونايتد,Manchester United,⚽ رياضة,كرة قدم,⚽ Sports,Football
أي نادٍ يُلقب بالشياطين الحمر؟,Which club is nicknamed The Red Devils?,مانشستر يونايتد,Manchester United,⚽ رياضة,كرة قدم,⚽ Sports,Football
أي نادٍ فاز بأكبر عدد من ألقاب الدوري الإنجليزي؟,Which club has won the most Premier League titles?,مانشستر يونايتد,Manchester United,⚽ رياضة,كرة قدم,⚽ Sports,Football
من فاز بأول نسخة من الدوري الإنجليزي الممتاز؟,Which club won the first Premier League season?,مانشستر يونايتد,Manchester United,⚽ رياضة,كرة قدم,⚽ Sports,Football
في أي نادٍ أصبح إريك كانتونا أسطورة؟,Which club did Eric Cantona become a legend at?,مانشستر يونايتد,Manchester United,⚽ رياضة,كرة قدم,⚽ Sports,Football
من فاز بأول دوري إنجليزي ممتاز بنظامه الحديث؟,Which club won the first Premier League season after rebranding in 1992-93?,مانشستر يونايتد,Manchester United,⚽ رياضة,كرة قدم,⚽ Sports,Football
أي نادٍ تعاقد مع رونالدو من سبورتينغ؟,Which club signed Ronaldo from Sporting?,مانشستر يونايتد,Manchester United,⚽ رياضة,كرة قدم,⚽ Sports,Football
من سجل الهدف الطائر في نهائي يورو 1988؟,Which player scored the famous volley in the Euro 1988 final?,ماركو فان باستن,Marco van Basten,⚽ رياضة,كرة قدم,⚽ Sports,Football
من لُقب ببجعة أوتريخت؟,Which Dutch legend was nicknamed The Swan of Utrecht?,ماركو فان باستن,Marco van Basten,⚽ رياضة,كرة قدم,⚽ Sports,Football
من سجل هدف الفوز في نهائي 2014؟,Who scored the winning goal in the 2014 World Cup final?,ماريو غوتزه,Mario Götze,⚽ رياضة,كرة قدم,⚽ Sports,Football
ما اسم ديربي ليفربول وإيفرتون؟,Which city derby is Liverpool vs Everton?,ديربي ميرسيسايد,Merseyside Derby,⚽ رياضة,كرة قدم,⚽ Sports,Football
من الهداف التاريخي لكأس العالم؟,Who is the all-time World Cup top scorer?,ميروسلاف كلوزه,Miroslav Klose,⚽ رياضة,كرة قدم,⚽ Sports,Football
من يُلقب بالملك المصري؟,Which player is nicknamed The Egyptian King?,محمد صلاح,Mohamed Salah,⚽ رياضة,كرة قدم,⚽ Sports,Football
أي منتخب يُعرف بالأورانج؟,Which country is known as Oranje?,هولندا,Netherlands,⚽ رياضة,كرة قدم,⚽ Sports,Football
من فاز بيورو 1988؟,Which country won Euro 1988?,هولندا,Netherlands,⚽ رياضة,كرة قدم,⚽ Sports,Football
أي دولة استضافت يورو 2000 مع بلجيكا؟,Which country hosted Euro 2000 jointly with Belgium?,هولندا,Netherlands,⚽ رياضة,كرة قدم,⚽ Sports,Football
لأي نادٍ أمريكي لعب بيليه؟,Which American club did Pelé play for?,نيويورك كوزموس,New York Cosmos,⚽ رياضة,كرة قدم,⚽ Sports,Football
لأي منتخب يلعب إرلينغ هالاند؟,Which country does Erling Haaland represent?,النرويج,Norway,⚽ رياضة,كرة قدم,⚽ Sports,Football
لأي منتخب يلعب أوديغارد؟,Which country does Martin Ødegaard represent?,النرويج,Norway,⚽ رياضة,كرة قدم,⚽ Sports,Football
أي نادٍ يُلقب بالكناري؟,Which club is known as The Canaries?,نوريتش سيتي,Norwich City,⚽ رياضة,كرة قدم,⚽ Sports,Football
ما اسم مباراة سيلتيك ورينجرز؟,Which derby is Celtic vs Rangers?,أولد فيرم,Old Firm,⚽ رياضة,كرة قدم,⚽ Sports,Football
أي ملعب يُعرف بمسرح الأحلام؟,What stadium is known as the Theatre of Dreams?,أولد ترافورد,Old Trafford,⚽ رياضة,كرة قدم,⚽ Sports,Football
ما ملعب باريس سان جيرمان؟,What is PSG's home stadium?,بارك دي برانس,Parc des Princes,⚽ رياضة,كرة قدم,⚽ Sports,Football
من فاز بالدوري الفرنسي 2024؟,Which club won Ligue 1 in 2024?,باريس سان جيرمان,Paris Saint-Germain,⚽ رياضة,كرة قدم,⚽ Sports,Football
أي أسطورة برازيلية كانت تُعرف بـ الملك؟,Which Brazilian legend was known as O Rei?,بيليه,Pelé,⚽ رياضة,كرة قدم,⚽ Sports,Football
ماذا يُحتسب عند ارتكاب خطأ داخل منطقة الجزاء؟,What is awarded for a foul inside the penalty area?,ركلة جزاء,Penalty Kick,⚽ رياضة,كرة قدم,⚽ Sports,Football
من قاد مانشستر سيتي للثلاثية في 2023؟,Which manager led Manchester City to the 2023 treble?,بيب غوارديولا,Pep Guardiola,⚽ رياضة,كرة قدم,⚽ Sports,Football
من فاز بأول دوري أمم أوروبا؟,Which country won the first UEFA Nations League?,البرتغال,Portugal,⚽ رياضة,كرة قدم,⚽ Sports,Football
أي دولة فازت بيورو 2016؟,Which country won Euro 2016?,البرتغال,Portugal,⚽ رياضة,كرة قدم,⚽ Sports,Football
لأي منتخب يلعب كريستيانو رونالدو؟,Which country does Cristiano Ronaldo represent?,البرتغال,Portugal,⚽ رياضة,كرة قدم,⚽ Sports,Football
أي دولة استضافت كأس العالم 2022؟,Which country hosted the 2022 World Cup?,قطر,Qatar,⚽ رياضة,كرة قدم,⚽ Sports,Football
لأي نادٍ لعب كاسياس معظم مسيرته؟,Which club did Iker Casillas spend most of his career with?,ريال مدريد,Real Madrid,⚽ رياضة,كرة قدم,⚽ Sports,Football
من فاز بدوري الأبطال 2022؟,Which club won the Champions League in 2022?,ريال مدريد,Real Madrid,⚽ رياضة,كرة قدم,⚽ Sports,Football
إلى أي نادٍ انتقل مودريتش من توتنهام؟,Which club did Luka Modrić join from Tottenham?,ريال مدريد,Real Madrid,⚽ رياضة,كرة قدم,⚽ Sports,Football
أي نادٍ فاز بأكبر عدد من كؤوس العالم للأندية؟,Which club has won the most FIFA Club World Cups?,ريال مدريد,Real Madrid,⚽ رياضة,كرة قدم,⚽ Sports,Football
أي نادٍ فاز بأكبر عدد من ألقاب دوري الأبطال؟,Which club has won the most UEFA Champions League titles?,ريال مدريد,Real Madrid,⚽ رياضة,كرة قدم,⚽ Sports,Football
من فاز بدوري الأبطال 2024؟,Which club won the Champions League in 2024?,ريال مدريد,Real Madrid,⚽ رياضة,كرة قدم,⚽ Sports,Football
لأي نادٍ يلعب جود بيلينغهام؟,Which club does Jude Bellingham play for?,ريال مدريد,Real Madrid,⚽ رياضة,كرة قدم,⚽ Sports,Football
من فاز بالدوري الإسباني 2024؟,Which club won La Liga in 2024?,ريال مدريد,Real Madrid,⚽ رياضة,كرة قدم,⚽ Sports,Football
من فاز بأول نسخة من دوري أبطال أوروبا؟,Which club won the first Champions League?,ريال مدريد,Real Madrid,⚽ رياضة,كرة قدم,⚽ Sports,Football
أي نادٍ ارتبط بمصطلح الجلاكتيكوس؟,Which club is nicknamed The Galácticos?,ريال مدريد,Real Madrid,⚽ رياضة,كرة قدم,⚽ Sports,Football
من فاز بالكرة الذهبية 2024؟,Who won the Ballon d'Or in 2024?,رودري,Rodri,⚽ رياضة,كرة قدم,⚽ Sports,Football
من فاز بأول دوري مؤتمر أوروبي؟,Which nation won the inaugural UEFA Conference League?,روما,Roma,⚽ رياضة,كرة قدم,⚽ Sports,Football
من فاز بالكرة الذهبية 2005؟,Which player won the 2005 Ballon d'Or?,رونالدينيو,Ronaldinho,⚽ رياضة,كرة قدم,⚽ Sports,Football
أي نجم برازيلي اشتهر بحركة الإيلاستيكو؟,Which Brazilian star was famous for the elastico skill?,رونالدينيو,Ronaldinho,⚽ رياضة,كرة قدم,⚽ Sports,Football
من كان يُعرف بالظاهرة؟,Which player was known as El Fenómeno?,رونالدو نازاريو,Ronaldo Nazário,⚽ رياضة,كرة قدم,⚽ Sports,Football
من أكثر لاعب برازيلي تسجيلاً في كأس العالم؟,Which player scored the most goals in World Cup history for Brazil?,رونالدو نازاريو,Ronaldo Nazário,⚽ رياضة,كرة قدم,⚽ Sports,Football
أي دولة استضافت كأس العالم 2018؟,Which country hosted the 2018 World Cup?,روسيا,Russia,⚽ رياضة,كرة قدم,⚽ Sports,Football
أي لاعب أفريقي حل بأعلى مركز في 2022؟,Which African player won the 2022 Ballon d'Or ranking highest?,ساديو ماني,Sadio Mané,⚽ رياضة,كرة قدم,⚽ Sports,Football
من سجل أسرع هاتريك في الدوري الإنجليزي؟,Which player scored the fastest Premier League hat-trick?,ساديو ماني,Sadio Mané,⚽ رياضة,كرة قدم,⚽ Sports,Football
ما لقب منتخب اليابان؟,What is the nickname of the Japanese national team?,الساموراي الأزرق,Samurai Blue,⚽ رياضة,كرة قدم,⚽ Sports,Football
ما الملعب الذي يتشاركه ميلان وإنتر؟,Which stadium do AC Milan and Inter share?,سان سيرو,San Siro,⚽ رياضة,كرة قدم,⚽ Sports,Football
ما ملعب ريال مدريد؟,What is Real Madrid's home stadium?,سانتياغو برنابيو,Santiago Bernabéu,⚽ رياضة,كرة قدم,⚽ Sports,Football
لأي نادٍ لعب بيليه معظم مسيرته؟,Which Brazilian club did Pelé play for most of his career?,سانتوس,Santos,⚽ رياضة,كرة قدم,⚽ Sports,Football
من فاز بكأس أمم أفريقيا 2021؟,Which country won AFCON 2021?,السنغال,Senegal,⚽ رياضة,كرة قدم,⚽ Sports,Football
لأي منتخب يلعب ساديو ماني؟,Which country does Sadio Mané represent?,السنغال,Senegal,⚽ رياضة,كرة قدم,⚽ Sports,Football
ما ملعب بوروسيا دورتموند؟,What is the home stadium of Borussia Dortmund?,سيغنال إيدونا بارك,Signal Iduna Park,⚽ رياضة,كرة قدم,⚽ Sports,Football
أي ملعب يشتهر بالجدار الأصفر؟,Which stadium is known as the Yellow Wall?,سيغنال إيدونا بارك,Signal Iduna Park,⚽ رياضة,كرة قدم,⚽ Sports,Football
أي دولة استضافت كأس العالم 2010؟,Which country hosted the 2010 World Cup?,جنوب أفريقيا,South Africa,⚽ رياضة,كرة قدم,⚽ Sports,Football
ما أول دولة أفريقية استضافت كأس العالم؟,Which was the first African country to host a World Cup?,جنوب أفريقيا,South Africa,⚽ رياضة,كرة قدم,⚽ Sports,Football
أي نادٍ يُلقب بالقديسين؟,Which club is nicknamed The Saints?,ساوثهامبتون,Southampton,⚽ رياضة,كرة قدم,⚽ Sports,Football
من فاز بأول بطولة أمم أوروبا؟,Which country won the first UEFA European Championship?,الاتحاد السوفيتي,Soviet Union,⚽ رياضة,كرة قدم,⚽ Sports,Football
من فاز بيورو 2012؟,Which country won Euro 2012?,إسبانيا,Spain,⚽ رياضة,كرة قدم,⚽ Sports,Football
من فاز بيورو 2008؟,Which country won Euro 2008?,إسبانيا,Spain,⚽ رياضة,كرة قدم,⚽ Sports,Football
من فاز بدوري الأمم الأوروبية 2023؟,Which country won the UEFA Nations League 2023?,إسبانيا,Spain,⚽ رياضة,كرة قدم,⚽ Sports,Football
أي دولة فازت بيورو 2024؟,Which country won Euro 2024?,إسبانيا,Spain,⚽ رياضة,كرة قدم,⚽ Sports,Football
من فاز بكأس العالم 2010؟,Which country won the 2010 World Cup?,إسبانيا,Spain,⚽ رياضة,كرة قدم,⚽ Sports,Football
من فاز بذهبية أولمبياد 1992؟,Which country won the Olympic football gold in 1992?,إسبانيا,Spain,⚽ رياضة,كرة قدم,⚽ Sports,Football
من فاز بكأس العالم للسيدات 2023؟,Which country won the 2023 Women's World Cup?,إسبانيا,Spain,⚽ رياضة,كرة قدم,⚽ Sports,Football
أي نادٍ برتغالي خرّج رونالدو؟,Which Portuguese club developed Cristiano Ronaldo?,سبورتينغ لشبونة,Sporting CP,⚽ رياضة,كرة قدم,⚽ Sports,Football
ما اسم ديربي بوكا وريفر؟,What is the derby between Boca and River called?,السوبر كلاسيكو,Superclásico,⚽ رياضة,كرة قدم,⚽ Sports,Football
لأي منتخب لعب زلاتان ايبراهيموفيتش؟,Which country does Zlatan ibrahimovic represent?,السويد,Sweden,⚽ رياضة,كرة قدم,⚽ Sports,Football
ما لقب فريق أرسنال الذي لم يخسر؟,What nickname was given to Arsenal's unbeaten team?,اللامقهورون,The Invincibles,⚽ رياضة,كرة قدم,⚽ Sports,Football
من فاز بأول كوبا أمريكا؟,Which country won the first Copa América?,الأوروغواي,Uruguay,⚽ رياضة,كرة قدم,⚽ Sports,Football
من فاز بكأس العالم 1930؟,Which country won the 1930 World Cup?,الأوروغواي,Uruguay,⚽ رياضة,كرة قدم,⚽ Sports,Football
من فاز بأول كأس عالم؟,Which nation won the first FIFA World Cup?,الأوروغواي,Uruguay,⚽ رياضة,كرة قدم,⚽ Sports,Football
أي دولة استضافت أول كأس عالم؟,Which country hosted the first FIFA World Cup?,الأوروغواي,Uruguay,⚽ رياضة,كرة قدم,⚽ Sports,Football
من فاز بأول كأس عالم للسيدات؟,Which nation won the first Women's World Cup?,الولايات المتحدة,USA,⚽ رياضة,كرة قدم,⚽ Sports,Football
أي دولة فازت بأكبر عدد من كؤوس العالم للسيدات؟,Which country has won the most Women's World Cups?,الولايات المتحدة,USA,⚽ رياضة,كرة قدم,⚽ Sports,Football
من فاز بكأس العالم للسيدات 1999؟,Which nation won the 1998 Women's World Cup?,الولايات المتحدة,USA,⚽ رياضة,كرة قدم,⚽ Sports,Football
ما الآلة الموسيقية التي اشتهرت في مونديال 2010؟,What instrument became famous at the 2010 World Cup?,الفوفوزيلا,Vuvuzela,⚽ رياضة,كرة قدم,⚽ Sports,Football
من فاز بكأس العالم 1974؟,Which country won the 1974 FIFA World Cup?,ألمانيا الغربية,West Germany,⚽ رياضة,كرة قدم,⚽ Sports,Football
أي نادٍ يُلقب بالمطارق؟,Which club is known as The Hammers?,وست هام,West Ham United,⚽ رياضة,كرة قدم,⚽ Sports,Football
أي لاعب وسط إسباني لُقب بالمهندس؟,Which Spanish midfielder was nicknamed The Architect?,تشافي,Xavi,⚽ رياضة,كرة قدم,⚽ Sports,Football
ما اللون الأساسي لبوروسيا دورتموند؟,What is Borussia Dortmund's primary color?,الأصفر,Yellow,⚽ رياضة,كرة قدم,⚽ Sports,Football
ما لون قميص البرازيل الأساسي؟,What color is the traditional home kit of Brazil?,الأصفر,Yellow,⚽ رياضة,كرة قدم,⚽ Sports,Football
أي أسطورة فرنسية طُردت في نهائي 2006؟,Which French legend was sent off in the 2006 World Cup final?,زين الدين زيدان,Zinedine Zidane,⚽ رياضة,كرة قدم,⚽ Sports,Football
كم نقطة تساوي الرمية الحرة؟,How many points is a free throw worth?,1,1,⚽ رياضة,كرة سلة,⚽ Sports,Basketball
كم نقطة تساوي التسديدة من خارج القوس؟,How many points is a shot made from behind the arc worth?,3,3,⚽ رياضة,كرة سلة,⚽ Sports,Basketball
كم لاعباً من الفريق الواحد يكون داخل الملعب في مباراة كرة سلة؟,How many players from one team are on the court at a time in a basketball game?,5,5,⚽ رياضة,كرة سلة,⚽ Sports,Basketball
كم بطولة فاز بها روبرت هوري؟,How many NBA championships did Robert Horry win?,7,7,⚽ رياضة,كرة سلة,⚽ Sports,Basketball
ما الرقم الشهير لمايكل جوردان؟,What number did Michael Jordan famously wear?,23,23,⚽ رياضة,كرة سلة,⚽ Sports,Basketball
ما الرقم المرتبط بليبرون جيمس؟,What number is associated with LeBron James?,23,23,⚽ رياضة,كرة سلة,⚽ Sports,Basketball
في أي عام اختُرعت كرة السلة؟,In which year was basketball invented?,1891,1891,⚽ رياضة,كرة سلة,⚽ Sports,Basketball
كم مدة الربع في فيبا؟,How many minutes is each FIBA quarter?,10 دقائق,10 minutes,⚽ رياضة,كرة سلة,⚽ Sports,Basketball
كم مدة مباراة فيبا؟,How long is a FIBA game?,40 دقيقة,40 minutes,⚽ رياضة,كرة سلة,⚽ Sports,Basketball
كم مدة مباراة NBA الرسمية؟,How long is an NBA game?,48 دقيقة,48 minutes,⚽ رياضة,كرة سلة,⚽ Sports,Basketball
من حل وصيفاً لكأس العالم 2019 في كرة السلة؟,Which country finished runner-up at the basketball 2019 World Cup?,الأرجنتين,Argentina,⚽ رياضة,كرة سلة,⚽ Sports,Basketball
من أي دولة ينحدر جويل إمبيد؟,Which country is Joel Embiid originally from?,الكاميرون,Cameroon,⚽ رياضة,كرة سلة,⚽ Sports,Basketball
في أي دولة وُلد ديكيمبي موتومبو؟,Which country was Dikembe Mutombo born in?,الكونغو الديمقراطية,DR Congo,⚽ رياضة,كرة سلة,⚽ Sports,Basketball
أي مؤتمر يضم السيلتيكس؟,Which conference includes the Celtics?,المؤتمر الشرقي,Eastern Conference,⚽ رياضة,كرة سلة,⚽ Sports,Basketball
أي مؤتمر يضم الليكرز؟,Which conference includes the Lakers?,المؤتمر الغربي,Western Conference,⚽ رياضة,كرة سلة,⚽ Sports,Basketball
من فاز بذهبية أولمبياد 2024؟,Which country won Olympic gold in men's basketball in 2024?,الولايات المتحدة,United States,⚽ رياضة,كرة سلة,⚽ Sports,Basketball
أي دولة فازت بأول ذهبية أولمبية في كرة السلة للرجال؟,Which country won the first Olympic men's basketball gold medal?,الولايات المتحدة,United States,⚽ رياضة,كرة سلة,⚽ Sports,Basketball
من فاز بذهبية كرة السلة للسيدات في أولمبياد 2024؟,Which country won the Women's Olympic Basketball Gold in 2024?,الولايات المتحدة,United States,⚽ رياضة,كرة سلة,⚽ Sports,Basketball
ما أهم بطولة أندية في أوروبا في كرة السلة؟,What is Europe's top club competition in basketball?,اليوروليغ,EuroLeague,⚽ رياضة,كرة سلة,⚽ Sports,Basketball
من أي دولة يانيس أنتيتوكونمبو؟,Which country is Giannis Antetokounmpo from?,اليونان,Greece,⚽ رياضة,كرة سلة,⚽ Sports,Basketball
من فاز بيوروباسكت 2022؟,Which country won EuroBasket 2022?,إسبانيا,Spain,⚽ رياضة,كرة سلة,⚽ Sports,Basketball
من فاز بكأس العالم 2019؟,Which country won the FIBA World Cup in 2019?,إسبانيا,Spain,⚽ رياضة,كرة سلة,⚽ Sports,Basketball
أي فريق كرة سلة يقع في إنديانابوليس؟,Which NBA team is based in Indianapolis?,إنديانا بيسرز,Indiana Pacers,⚽ رياضة,كرة سلة,⚽ Sports,Basketball
في أي جامعة لعب لاري بيرد؟,Which college did Larry Bird attend?,إنديانا ستيت,Indiana State,⚽ رياضة,كرة سلة,⚽ Sports,Basketball
لأي فريق لعب دومينيك ويلكنز؟,Which team did Dominique Wilkins star for?,أتلانتا هوكس,Atlanta Hawks,⚽ رياضة,كرة سلة,⚽ Sports,Basketball
من أي دولة ديرك نوفيتسكي؟,Which country is Dirk Nowitzki from?,ألمانيا,Germany,⚽ رياضة,كرة سلة,⚽ Sports,Basketball
من فاز بكأس العالم 2023؟,Which country won the 2023 FIBA World Cup?,ألمانيا,Germany,⚽ رياضة,كرة سلة,⚽ Sports,Basketball
من لاعب كرة السلة الذي يُعرف بالإجابة؟,"Which NBA player is known as ""The Answer""?",ألين آيفرسون,Allen Iverson,⚽ رياضة,كرة سلة,⚽ Sports,Basketball
من فاز بـ MVP عام 2001؟,Which NBA player won the 2001 NBA MVP?,ألين آيفرسون,Allen Iverson,⚽ رياضة,كرة سلة,⚽ Sports,Basketball
من ساهم في انتشار أكمام الذراع؟,Which NBA player popularized shooting sleeves?,ألين آيفرسون,Allen Iverson,⚽ رياضة,كرة سلة,⚽ Sports,Basketball
من يُلقب بالرجل النملة؟,Which NBA player is nicknamed Ant-Man?,أنتوني إدواردز,Anthony Edwards,⚽ رياضة,كرة سلة,⚽ Sports,Basketball
من يُعرف بالحاجب؟,"Which NBA player is known as ""The Brow""?",أنتوني ديفيس,Anthony Davis,⚽ رياضة,كرة سلة,⚽ Sports,Basketball
من كان الاختيار الأول في درافت 2012؟,Which NBA player was the first overall pick in 2012?,أنتوني ديفيس,Anthony Davis,⚽ رياضة,كرة سلة,⚽ Sports,Basketball
من يُعرف بـ AK-47؟,Which NBA player is nicknamed AK-47?,أندريه كيريلينكو,Andrei Kirilenko,⚽ رياضة,كرة سلة,⚽ Sports,Basketball
أي فريق كرة سلة يقع في مدينة أورلاندو؟,Which NBA team is based in Orlando?,أورلاندو ماجيك,Orlando Magic,⚽ رياضة,كرة سلة,⚽ Sports,Basketball
ما البطولة المعروفة باسم March Madness؟,What tournament is known as March Madness?,بطولة NCAA,NCAA Tournament,⚽ رياضة,كرة سلة,⚽ Sports,Basketball
من يُلقب بـ Big Ben؟,Which NBA player is nicknamed Big Ben?,بن والاس,Ben Wallace,⚽ رياضة,كرة سلة,⚽ Sports,Basketball
من فاز بأربع جوائز أفضل مدافع؟,Which defensive specialist won four Defensive Player awards?,بن والاس,Ben Wallace,⚽ رياضة,كرة سلة,⚽ Sports,Basketball
أي فريق كرة سلة يقع في مدينة بورتلاند؟,Which NBA team is based in Portland?,بورتلاند ترايل بليزرز,Portland Trail Blazers,⚽ رياضة,كرة سلة,⚽ Sports,Basketball
أي فريق فاز بأكبر عدد من بطولات NBA؟,Which NBA team has won the most championships?,بوسطن سيلتيكس,Boston Celtics,⚽ رياضة,كرة سلة,⚽ Sports,Basketball
من فاز ببطولة NBA عام 2024؟,Which team won the NBA championship in 2024?,بوسطن سيلتيكس,Boston Celtics,⚽ رياضة,كرة سلة,⚽ Sports,Basketball
لأي فريق لعب لاري بيرد؟,Which team did Larry Bird play for?,بوسطن سيلتيكس,Boston Celtics,⚽ رياضة,كرة سلة,⚽ Sports,Basketball
أي فريق اختار بول بيرس؟,Which team drafted Paul Pierce?,بوسطن سيلتيكس,Boston Celtics,⚽ رياضة,كرة سلة,⚽ Sports,Basketball
من فاز بلقب NBA عام 2008؟,Which team won the NBA title in 2008?,بوسطن سيلتيكس,Boston Celtics,⚽ رياضة,كرة سلة,⚽ Sports,Basketball
أي فريق يملك شعار النفل الأخضر؟,Which NBA team has a shamrock logo?,بوسطن سيلتيكس,Boston Celtics,⚽ رياضة,كرة سلة,⚽ Sports,Basketball
من يُعرف بالحقيقة؟,Which NBA player is known as The Truth?,بول بيرس,Paul Pierce,⚽ رياضة,كرة سلة,⚽ Sports,Basketball
من فاز بـ Finals MVP عام 2008؟,Which NBA player won Finals MVP in 2008?,بول بيرس,Paul Pierce,⚽ رياضة,كرة سلة,⚽ Sports,Basketball
من كان يُعرف بـ Pistol Pete؟,Which NBA player was known as Pistol Pete?,بيت مارافيتش,Pete Maravich,⚽ رياضة,كرة سلة,⚽ Sports,Basketball
أي فريق كرة سلة يقع في نيو أورلينز؟,Which NBA team is based in New Orleans?,بيليكانز,Pelicans,⚽ رياضة,كرة سلة,⚽ Sports,Basketball
ما الفريق الذي كان يُعرف بالهورنتس في نيو أورلينز؟,Which team was formerly known as the Hornets in New Orleans?,بيليكانز,Pelicans,⚽ رياضة,كرة سلة,⚽ Sports,Basketball
من يُلقب بتلة الارتدادات؟,Which NBA player is nicknamed The Round Mound of Rebound?,تشارلز باركلي,Charles Barkley,⚽ رياضة,كرة سلة,⚽ Sports,Basketball
من يُعرف بالسير تشارلز؟,Which NBA player is nicknamed Sir Charles?,تشارلز باركلي,Charles Barkley,⚽ رياضة,كرة سلة,⚽ Sports,Basketball
من فاز بـ Finals MVP عام 2004؟,Which NBA player was Finals MVP in 2004?,تشاونسي بيلبس,Chauncey Billups,⚽ رياضة,كرة سلة,⚽ Sports,Basketball
من يُلقب بالسيد التسديدة الكبيرة؟,Which NBA player was nicknamed Mr. Big Shot?,تشاونسي بيلبس,Chauncey Billups,⚽ رياضة,كرة سلة,⚽ Sports,Basketball
ما القاعة الرئيسية للواريرز؟,Which arena is home to the Golden State Warriors?,تشيس سنتر,Chase Center,⚽ رياضة,كرة سلة,⚽ Sports,Basketball
أي فريق NBA يقع في مدينة مينيسوتا؟,Which NBA team is based in Minnesota?,تمبروولفز,Timberwolves,⚽ رياضة,كرة سلة,⚽ Sports,Basketball
أي فريق NBA يقع في مدينة تورونتو؟,Which NBA franchise plays in Toronto?,تورونتو رابتورز,Toronto Raptors,⚽ رياضة,كرة سلة,⚽ Sports,Basketball
أي فريق NBA فاز بأول لقب له عام 2019؟,Which team won its first NBA title in 2019?,تورونتو رابتورز,Toronto Raptors,⚽ رياضة,كرة سلة,⚽ Sports,Basketball
ما الفريق الكندي في NBA؟,Which Canadian team plays in the NBA?,تورونتو رابتورز,Toronto Raptors,⚽ رياضة,كرة سلة,⚽ Sports,Basketball
ما القاعة الرئيسية للبوستون سيلتيكس؟,Which arena is home to the Boston Celtics?,تي دي غاردن,TD Garden,⚽ رياضة,كرة سلة,⚽ Sports,Basketball
أي لاعب NBA يُلقب بالأساسيات الكبرى؟,"Which NBA player is nicknamed ""The Big Fundamental""?",تيم دنكان,Tim Duncan,⚽ رياضة,كرة سلة,⚽ Sports,Basketball
من فاز بـ MVP النهائيات 2024؟,Which NBA player won the 2024 NBA Finals MVP?,جايلن براون,Jaylen Brown,⚽ رياضة,كرة سلة,⚽ Sports,Basketball
أي فيلم ألهم اسم الرابتورز في ال NBA؟,Which movie inspired the Raptors name?,جوراسيك بارك,Jurassic Park,⚽ رياضة,كرة سلة,⚽ Sports,Basketball
من يُعرف بالدكتور جي في ال NBA؟,Which NBA player was nicknamed Dr. J?,جوليوس إيرفينغ,Julius Erving,⚽ رياضة,كرة سلة,⚽ Sports,Basketball
أي أسطورة ساهمت في شهرة الدانك؟,Which ABA legend popularized slam dunks?,جوليوس إيرفينغ,Julius Erving,⚽ رياضة,كرة سلة,⚽ Sports,Basketball
من يملك الرقم القياسي للتمريرات الحاسمة؟,Which NBA player holds the NBA record for most assists?,جون ستوكتون,John Stockton,⚽ رياضة,كرة سلة,⚽ Sports,Basketball
من يملك الرقم القياسي لسرقات الكرة في ال NBA؟,Which NBA player holds the NBA record for most steals?,جون ستوكتون,John Stockton,⚽ رياضة,كرة سلة,⚽ Sports,Basketball
من فاز بـ MVP عام 2023 في ال NBA؟,Which NBA player won MVP in 2023?,جويل إمبيد,Joel Embiid,⚽ رياضة,كرة سلة,⚽ Sports,Basketball
من يُعرف بالعملية في ال NBA؟,Which NBA player is known as The Process?,جويل إمبيد,Joel Embiid,⚽ رياضة,كرة سلة,⚽ Sports,Basketball
من يُعرف بالشعار في ال NBA؟,Which NBA player is known as The Logo?,جيري ويست,Jerry West,⚽ رياضة,كرة سلة,⚽ Sports,Basketball
صورة أي لاعب تظهر في شعار NBA؟,Whose silhouette appears on the NBA logo?,جيري ويست,Jerry West,⚽ رياضة,كرة سلة,⚽ Sports,Basketball
من اخترع كرة السلة؟,Who invented basketball?,جيمس نايسميث,James Naismith,⚽ رياضة,كرة سلة,⚽ Sports,Basketball
من يُعرف باللحية؟,"Which NBA player is known as ""The Beard""?",جيمس هاردن,James Harden,⚽ رياضة,كرة سلة,⚽ Sports,Basketball
من فاز بـ MVP عام 2018؟,Which NBA player won the 2018 NBA MVP?,جيمس هاردن,James Harden,⚽ رياضة,كرة سلة,⚽ Sports,Basketball
من يُعرف الحلم في ال NBA؟,Which NBA player is nicknamed The Dream?,حكيم أولاجوان,Hakeem Olajuwon,⚽ رياضة,كرة سلة,⚽ Sports,Basketball
أي فريق NBA يقع في مدينة دالاس؟,Which team is based in Dallas?,دالاس مافريكس,Dallas Mavericks,⚽ رياضة,كرة سلة,⚽ Sports,Basketball
لأي فريق يلعب أنتوني ديفيس؟,Which team does Anthony Davis play for (2025-26 season)?,دالاس مافريكس,Dallas Mavericks,⚽ رياضة,كرة سلة,⚽ Sports,Basketball
أي فريق يملك شعار الحصان  في ال NBA؟,Which NBA team has a horse logo?,دالاس مافريكس,Dallas Mavericks,⚽ رياضة,كرة سلة,⚽ Sports,Basketball
لأي فريق  في ال NBA يلعب نيكولا يوكيتش؟,Which team does Nikola Jokić play for?,دنفر ناغتس,Denver Nuggets,⚽ رياضة,كرة سلة,⚽ Sports,Basketball
أي فريق فاز بأول لقب له عام 2023  في ال NBA؟,Which team won its first NBA title in 2023?,دنفر ناغتس,Denver Nuggets,⚽ رياضة,كرة سلة,⚽ Sports,Basketball
من قاد أورلاندو لنهائي 2009  في ال NBA؟,Which NBA player led Orlando to the 2009 Finals?,دوايت هاورد,Dwight Howard,⚽ رياضة,كرة سلة,⚽ Sports,Basketball
من لُقب بسوبرمان  في ال NBA؟,Which NBA player was nicknamed Superman?,دوايت هاورد,Dwight Howard,⚽ رياضة,كرة سلة,⚽ Sports,Basketball
من فاز بالدانك مرتدياً زي سوبرمان؟,Which NBA player won the 2008 Slam Dunk Contest dressed as Superman?,دوايت هاورد,Dwight Howard,⚽ رياضة,كرة سلة,⚽ Sports,Basketball
في أي مدينة يلعب فريق البيستونز؟,Which city hosts the Pistons?,ديترويت,Detroit,⚽ رياضة,كرة سلة,⚽ Sports,Basketball
من فاز ببطولة NBA عام 2004؟,Which team won the NBA championship in 2004?,ديترويت بيستونز,Detroit Pistons,⚽ رياضة,كرة سلة,⚽ Sports,Basketball
من قاد دالاس لأول لقب في ال NBA؟,Which NBA player led Dallas to its first NBA title?,ديرك نوفيتسكي,Dirk Nowitzki,⚽ رياضة,كرة سلة,⚽ Sports,Basketball
من فاز بـ MVP عام 2007 في ال NBA؟,Which NBA player won the 2007 NBA MVP?,ديرك نوفيتسكي,Dirk Nowitzki,⚽ رياضة,كرة سلة,⚽ Sports,Basketball
من فاز بـ MVP عام 2011 في ال NBA؟,Which NBA player won the 2011 NBA MVP?,ديريك روز,Derrick Rose,⚽ رياضة,كرة سلة,⚽ Sports,Basketball
من أصغر لاعب فاز بـ MVP في ال NBA؟,Which NBA player became the youngest MVP ever?,ديريك روز,Derrick Rose,⚽ رياضة,كرة سلة,⚽ Sports,Basketball
من يُعرف بـ D-Rose في ال NBA؟,Which NBA player is nicknamed D-Rose?,ديريك روز,Derrick Rose,⚽ رياضة,كرة سلة,⚽ Sports,Basketball
من فاز بجائزة أفضل مبتدئ عام 2009 في ال NBA؟,Which NBA player won Rookie of the Year in 2009?,ديريك روز,Derrick Rose,⚽ رياضة,كرة سلة,⚽ Sports,Basketball
من يُلقب بالأدميرال في ال NBA؟,Which NBA player is nicknamed The Admiral?,ديفيد روبنسون,David Robinson,⚽ رياضة,كرة سلة,⚽ Sports,Basketball
من فاز بأفضل مدافع أربع مرات؟,Which NBA player won Defensive Player of the Year four times?,ديكيمبي موتومبو,Dikembe Mutombo,⚽ رياضة,كرة سلة,⚽ Sports,Basketball
من يُلقب بالدودة؟,Which NBA player is nicknamed The Worm?,دينيس رودمان,Dennis Rodman,⚽ رياضة,كرة سلة,⚽ Sports,Basketball
من تصدر الدوري في المتابعات 7 مواسم متتالية؟,Which NBA player led the league in rebounds seven straight seasons?,دينيس رودمان,Dennis Rodman,⚽ رياضة,كرة سلة,⚽ Sports,Basketball
من قاد ألمانيا في نهائي كأس العالم 2023؟,Which NBA player led Germany in the 2023 World Cup final?,دينيس شرودر,Dennis Schröder,⚽ رياضة,كرة سلة,⚽ Sports,Basketball
من فاز بـ MVP عام 2017 في ال NBA؟,Which NBA player won MVP in 2017?,راسل ويستبروك,Russell Westbrook,⚽ رياضة,كرة سلة,⚽ Sports,Basketball
أي نادٍ إسباني فاز بأكبر عدد من ألقاب اليوروليغ؟,Which Spanish club has won the most EuroLeague titles?,ريال مدريد,Real Madrid,⚽ رياضة,كرة سلة,⚽ Sports,Basketball
من الهداف التاريخي للبيسرز  في ال NBA؟,Which NBA player is the all-time leading scorer for the Pacers?,ريجي ميلر,Reggie Miller,⚽ رياضة,كرة سلة,⚽ Sports,Basketball
من اشتهر بالثلاثيات الحاسمة ضد النيكس؟,Which NBA player was famous for clutch three-pointers against the Knicks?,ريجي ميلر,Reggie Miller,⚽ رياضة,كرة سلة,⚽ Sports,Basketball
أي فريق NBA يقع في مدينة ساكرامنتو؟,Which team plays in Sacramento?,ساكرامنتو كينغز,Sacramento Kings,⚽ رياضة,كرة سلة,⚽ Sports,Basketball
أي فريق اختار ويمبانياما  في ال NBA؟,Which team drafted Victor Wembanyama?,سان أنطونيو سبيرز,San Antonio Spurs,⚽ رياضة,كرة سلة,⚽ Sports,Basketball
لأي فريق لعب تيم دنكان  في ال NBA؟,Which team did Tim Duncan play for?,سان أنطونيو سبيرز,San Antonio Spurs,⚽ رياضة,كرة سلة,⚽ Sports,Basketball
في أي مدينة اختُرعت كرة السلة؟,In which city was basketball invented?,سبرينغفيلد,Springfield,⚽ رياضة,كرة سلة,⚽ Sports,Basketball
من يُعتبر أعظم مسدد في تاريخ كرة السلة؟,Which NBA player is widely considered the greatest shooter ever?,ستيفن كاري,Stephen Curry,⚽ رياضة,كرة سلة,⚽ Sports,Basketball
من حطم الرقم القياسي للثلاثيات؟,Which NBA player broke the all-time three-point record?,ستيفن كاري,Stephen Curry,⚽ رياضة,كرة سلة,⚽ Sports,Basketball
ما اللاعب الذي يُطلق عليه المشجعون لقب Skyfucker؟,Which NBA player is nicknamed Skyfucker by fans?,ستيفن كاري,Stephen Curry,⚽ رياضة,كرة سلة,⚽ Sports,Basketball
من أي دولة لوكا دونتشيتش؟,Which country is Luka Dončić from?,سلوفينيا,Slovenia,⚽ رياضة,كرة سلة,⚽ Sports,Basketball
من فاز بيوروباسكت 2017؟,Which country won EuroBasket 2017?,سلوفينيا,Slovenia,⚽ رياضة,كرة سلة,⚽ Sports,Basketball
إلى ماذا يشير اسم 76ers؟,"What does ""76ers"" refer to?",سنة 1776,Year 1776,⚽ رياضة,كرة سلة,⚽ Sports,Basketball
أي فريق NBA يقع في مدينة شارلوت؟,Which NBA team is based in Charlotte?,شارلوت هورنتس,Charlotte Hornets,⚽ رياضة,كرة سلة,⚽ Sports,Basketball
أي فريق امتلكه مايكل جوردان؟,Which team was owned by Michael Jordan?,شارلوت هورنتس,Charlotte Hornets,⚽ رياضة,كرة سلة,⚽ Sports,Basketball
من يُلقب بالديزل؟,"Which NBA player is known as ""The Diesel""?",شاكيل أونيل,Shaquille O'Neal,⚽ رياضة,كرة سلة,⚽ Sports,Basketball
من اشتهر بتحطيم السلال؟,Which NBA player famously broke backboards with dunks?,شاكيل أونيل,Shaquille O'Neal,⚽ رياضة,كرة سلة,⚽ Sports,Basketball
من فاز بـ MVP عام 2000؟,Which NBA player won the 2000 NBA MVP?,شاكيل أونيل,Shaquille O'Neal,⚽ رياضة,كرة سلة,⚽ Sports,Basketball
أي فريق اختار مايكل جوردان في الدرافت؟,Which team drafted Michael Jordan?,شيكاغو بولز,Chicago Bulls,⚽ رياضة,كرة سلة,⚽ Sports,Basketball
مع أي فريق فاز جوردان بست بطولات؟,Which team did Michael Jordan win six championships with?,شيكاغو بولز,Chicago Bulls,⚽ رياضة,كرة سلة,⚽ Sports,Basketball
مع أي فريق فاز رودمان بالألقاب مع جوردان؟,Which team did Dennis Rodman win titles with alongside Jordan?,شيكاغو بولز,Chicago Bulls,⚽ رياضة,كرة سلة,⚽ Sports,Basketball
من أي دولة نيكولا يوكيتش؟,Which country is Nikola Jokić from?,صربيا,Serbia,⚽ رياضة,كرة سلة,⚽ Sports,Basketball
من يُلقب بالقفاز  في ال NBA؟,Which NBA player is nicknamed The Glove?,غاري بايتون,Gary Payton,⚽ رياضة,كرة سلة,⚽ Sports,Basketball
ما المدينة التي يمثلها الووريرز  في ال NBA؟,Which team is nicknamed the Warriors?,غولدن ستيت,Golden State,⚽ رياضة,كرة سلة,⚽ Sports,Basketball
ضد أي فريق عاد كليفلاند من تأخر 3-1؟,Against which team did Cleveland complete a 3-1 comeback?,غولدن ستيت ووريرز,Golden State Warriors,⚽ رياضة,كرة سلة,⚽ Sports,Basketball
من فاز ببطولة NBA عام 2015؟,Which team won the NBA title in 2015?,غولدن ستيت ووريرز,Golden State Warriors,⚽ رياضة,كرة سلة,⚽ Sports,Basketball
من فاز ببطولة NBA عام 2017؟,Which team won the NBA title in 2017?,غولدن ستيت ووريرز,Golden State Warriors,⚽ رياضة,كرة سلة,⚽ Sports,Basketball
من فاز ببطولة NBA عام 2018؟,Which team won the NBA title in 2018?,غولدن ستيت ووريرز,Golden State Warriors,⚽ رياضة,كرة سلة,⚽ Sports,Basketball
من أي دولة فيكتور ويمبانياما؟,Which country is Victor Wembanyama from?,فرنسا,France,⚽ رياضة,كرة سلة,⚽ Sports,Basketball
ما لقب منتخب أمريكا الأولمبي في كرة السلة 1992؟,What was the nickname of the 1992 USA Basketball Olympic Team?,فريق الأحلام,Dream Team,⚽ رياضة,كرة سلة,⚽ Sports,Basketball
من فاز باليوروليغ 2017؟,Which Turkish club won the EuroLeague in 2017?,فنربخشة,Fenerbahçe,⚽ رياضة,كرة سلة,⚽ Sports,Basketball
ما القاعة الرئيسية للفينيكس صنز؟,Which arena is home to the Phoenix Suns?,فوتبرنت سنتر,Footprint Center,⚽ رياضة,كرة سلة,⚽ Sports,Basketball
من فاز بجائزة أفضل لاعب مبتدئ 2024؟,Which NBA player won NBA Rookie of the Year in 2024?,فيكتور ويمبانياما,Victor Wembanyama,⚽ رياضة,كرة سلة,⚽ Sports,Basketball
أي مدرب قاد البولز لست بطولات؟,Which legendary coach led the Bulls to six titles?,فيل جاكسون,Phil Jackson,⚽ رياضة,كرة سلة,⚽ Sports,Basketball
من أكثر مدرب فاز ببطولات NBA؟,Which coach won the most NBA championships?,فيل جاكسون,Phil Jackson,⚽ رياضة,كرة سلة,⚽ Sports,Basketball
في أي مدينة يقع فريق 76ers؟,Which city is home to the 76ers?,فيلادلفيا,Philadelphia,⚽ رياضة,كرة سلة,⚽ Sports,Basketball
أي فريق اختار جويل إمبيد؟,Which team drafted Joel Embiid?,فيلادلفيا سفنتي سيكسرز,Philadelphia 76ers,⚽ رياضة,كرة سلة,⚽ Sports,Basketball
من لُقب نصف إنسان نصف مذهل  في ال NBA؟,Which NBA player was nicknamed Half Man Half Amazing?,فينس كارتر,Vince Carter,⚽ رياضة,كرة سلة,⚽ Sports,Basketball
من فاز بمسابقة الدانك 2000 في ال NBA؟,Which NBA player won the famous 2000 Slam Dunk Contest?,فينس كارتر,Vince Carter,⚽ رياضة,كرة سلة,⚽ Sports,Basketball
أي فريق NBA يقع في مدينة فينيكس؟,Which team is based in Phoenix?,فينيكس صنز,Phoenix Suns,⚽ رياضة,كرة سلة,⚽ Sports,Basketball
من يُلقب بساعي البريد في ال NBA؟,Which NBA player is nicknamed The Mailman?,كارل مالون,Karl Malone,⚽ رياضة,كرة سلة,⚽ Sports,Basketball
من فاز بـ MVP عام 1997؟,Which NBA player won the 1997 NBA MVP?,كارل مالون,Karl Malone,⚽ رياضة,كرة سلة,⚽ Sports,Basketball
من فاز بـ MVP عام 1999؟,Which NBA player won the 1999 NBA MVP?,كارل مالون,Karl Malone,⚽ رياضة,كرة سلة,⚽ Sports,Basketball
من سجل الثلاثية الحاسمة في نهائي 2016؟,Which NBA player hit the title-winning three in Game 7 of 2016?,كايري إيرفينغ,Kyrie Irving,⚽ رياضة,كرة سلة,⚽ Sports,Basketball
من يُعرف بـ Uncle Drew؟,"Which NBA player is nicknamed ""Uncle Drew""?",كايري إيرفينغ,Kyrie Irving,⚽ رياضة,كرة سلة,⚽ Sports,Basketball
من فاز بالفضية خلف فريق الأحلام؟,Which country won silver behind the Dream Team in 1992?,كرواتيا,Croatia,⚽ رياضة,كرة سلة,⚽ Sports,Basketball
من اشتهر بتسديدة Sky Hook؟,"Which NBA player is famous for the ""Sky Hook""?",كريم عبد الجبار,Kareem Abdul-Jabbar,⚽ رياضة,كرة سلة,⚽ Sports,Basketball
من فاز بست جوائز MVP؟,Which NBA player won six MVP awards?,كريم عبد الجبار,Kareem Abdul-Jabbar,⚽ رياضة,كرة سلة,⚽ Sports,Basketball
أي فريق NBA يقع في مدينة كليفلاند؟,Which team is based in Cleveland?,كليفلاند كافالييرز,Cleveland Cavaliers,⚽ رياضة,كرة سلة,⚽ Sports,Basketball
في أي دولة اختُرعت كرة السلة؟,Which country invented basketball?,كندا,Canada,⚽ رياضة,كرة سلة,⚽ Sports,Basketball
من يُعرف بالـ Black Mamba  في ال NBA؟,"Which NBA player is known as ""The Black Mamba""?",كوبي براينت,Kobe Bryant,⚽ رياضة,كرة سلة,⚽ Sports,Basketball
من فاز بخمس بطولات NBA مع الليكرز؟,Which NBA player won five NBA titles with the Lakers?,كوبي براينت,Kobe Bryant,⚽ رياضة,كرة سلة,⚽ Sports,Basketball
من يُعرف بـ KD في ال NBA؟ ,"Which NBA player is nicknamed ""KD""?",كيفن دورانت,Kevin Durant,⚽ رياضة,كرة سلة,⚽ Sports,Basketball
من فاز بـ MVP عام 2014  في ال NBA؟,Which NBA player won MVP in 2014?,كيفن دورانت,Kevin Durant,⚽ رياضة,كرة سلة,⚽ Sports,Basketball
من يُعرف بـ Larry Legend؟,"Which NBA player was known as ""Larry Legend""?",لاري بيرد,Larry Bird,⚽ رياضة,كرة سلة,⚽ Sports,Basketball
في أي مدينة يقع فريق ليكرز؟,Which city are the Lakers based in?,لوس أنجلوس,Los Angeles,⚽ رياضة,كرة سلة,⚽ Sports,Basketball
مع أي فريق لعب كوبي براينت طوال مسيرته؟,Which team did Kobe Bryant spend his entire NBA career with?,لوس أنجلوس ليكرز,Los Angeles Lakers,⚽ رياضة,كرة سلة,⚽ Sports,Basketball
لأي فريق يلعب لوكا دونتشيتش؟,Which team does Luka Dončić play for (2025-26 season)?,لوس أنجلوس ليكرز,Los Angeles Lakers,⚽ رياضة,كرة سلة,⚽ Sports,Basketball
لأي فريق لعب ماجيك جونسون؟,Which team did Magic Johnson play for?,لوس أنجلوس ليكرز,Los Angeles Lakers,⚽ رياضة,كرة سلة,⚽ Sports,Basketball
من هزم ديترويت في نهائي 2004؟,Which team did Detroit defeat in the 2004 Finals?,لوس أنجلوس ليكرز,Los Angeles Lakers,⚽ رياضة,كرة سلة,⚽ Sports,Basketball
من يُعرف بلقب الملك جيمس؟,"Which NBA player is known as ""King James""?",ليبرون جيمس,LeBron James,⚽ رياضة,كرة سلة,⚽ Sports,Basketball
من أكثر لاعب تسجيلاً للنقاط في تاريخ NBA؟,Which NBA player has scored the most points in NBA history?,ليبرون جيمس,LeBron James,⚽ رياضة,كرة سلة,⚽ Sports,Basketball
من قاد كليفلاند لأول لقب في 2016؟,Which NBA player led Cleveland to its first title in 2016?,ليبرون جيمس,LeBron James,⚽ رياضة,كرة سلة,⚽ Sports,Basketball
من يُعتبر أعظم صانع ألعاب؟,Which NBA player is considered the greatest point guard ever?,ماجيك جونسون,Magic Johnson,⚽ رياضة,كرة سلة,⚽ Sports,Basketball
من فاز بمسابقة الدانك 1988؟,Which NBA player won the famous 1988 Slam Dunk Contest?,مايكل جوردان,Michael Jordan,⚽ رياضة,كرة سلة,⚽ Sports,Basketball
من قفز من خط الرمية الحرة في الدانك؟,Which NBA player jumped from the free-throw line in a dunk contest?,مايكل جوردان,Michael Jordan,⚽ رياضة,كرة سلة,⚽ Sports,Basketball
أي فريق NBA يقع في مدينة ممفيس؟,Which team plays in Memphis?,ممفيس غريزليز,Memphis Grizzlies,⚽ رياضة,كرة سلة,⚽ Sports,Basketball
أي فريق NBA يقع في مدينة ميامي؟,Which team is based in Miami?,ميامي هيت,Miami Heat,⚽ رياضة,كرة سلة,⚽ Sports,Basketball
من فاز ببطولة NBA عام 2021؟,Which team won the NBA title in 2021?,ميلووكي باكس,Milwaukee Bucks,⚽ رياضة,كرة سلة,⚽ Sports,Basketball
أي فريق يملك شعار الغزال؟,Which NBA team has a deer logo?,ميلووكي باكس,Milwaukee Bucks,⚽ رياضة,كرة سلة,⚽ Sports,Basketball
لأي فريق يلعب أنتوني إدواردز؟,Which team does Anthony Edwards play for?,مينيسوتا تمبروولفز,Minnesota Timberwolves,⚽ رياضة,كرة سلة,⚽ Sports,Basketball
أي لاعب صربي يُلقب بالمهرج؟,Which Serbian player is nicknamed Joker?,نيكولا يوكيتش,Nikola Jokić,⚽ رياضة,كرة سلة,⚽ Sports,Basketball
أي فريق يلعب في ماديسون سكوير غاردن؟,Which team plays at Madison Square Garden?,نيويورك نيكس,New York Knicks,⚽ رياضة,كرة سلة,⚽ Sports,Basketball
أي فريق يملك صاروخاً في شعاره؟,Which NBA team has a rocket in its logo?,هيوستن روكتس,Houston Rockets,⚽ رياضة,كرة سلة,⚽ Sports,Basketball
ما الاسم السابق لواشنطن ويزاردز؟,What was the former name of the Washington Wizards?,واشنطن بوليتس,Washington Bullets,⚽ رياضة,كرة سلة,⚽ Sports,Basketball
من يُلقب بالوحش اليوناني؟,"Which NBA player is nicknamed ""The Greek Freak""?",يانيس أنتيتوكونمبو,Giannis Antetokounmpo,⚽ رياضة,كرة سلة,⚽ Sports,Basketball
أي فريق NBA يقع في مدينة يوتا؟,Which team plays in Utah?,يوتا جاز,Utah Jazz,⚽ رياضة,كرة سلة,⚽ Sports,Basketball
ما القاعة الرئيسية للبولز؟,Which arena is home to the Chicago Bulls?,يونايتد سنتر,United Center,⚽ رياضة,كرة سلة,⚽ Sports,Basketball
كم عدد سور القرآن الكريم؟,How many surahs are in the Quran?,114,114,☪️ دين,الإسلام,☪️ Religion,Islam
نار أي نبي أصبحت برداً وسلاماً؟,Which prophet’s fire became cool and safe?,إبراهيم,Abraham,☪️ دين,إسلامية / مسيحية / يهودية,☪️ Religion,Islam / Christianity / Judaism 
أي نبي أعاد بناء الكعبة؟,Which prophet rebuilt the Kaaba?,إبراهيم وإسماعيل,Abraham & Ishmael,☪️ دين,الإسلام,☪️ Religion,Islam
من كان أول خليفة بعد النبي محمد؟,Who was the first caliph after Prophet Muhammad?,أبو بكر الصديق,Abu Bakr,☪️ دين,الإسلام,☪️ Religion,Islam
ما مفهوم الواجب في الهندوسية؟,What is the Hindu concept of duty called?,الدارما,Dharma,☪️ دين,ديانات أخرى,☪️ Religion,Other Religions
أي ملاك نقل الوحي إلى النبي محمد ﷺ؟,Which angel delivered revelation to Prophet Muhammad?,جبريل,Gabriel (Jibril),☪️ دين,الإسلام,☪️ Religion,Islam
أي نبي أُعطي الإنجيل؟,Which prophet brought the Gospel?,عيسى عليه السلام,Jesus (Isa),☪️ دين,إسلامية / مسيحية / يهودية,☪️ Religion,Islam / Christianity / Judaism 
إلى أي مدينة هاجر النبي محمد؟,To which city did Prophet Muhammad migrate?,المدينة المنورة,Medina,☪️ دين,الإسلام,☪️ Religion,Islam
أي نبي نجا من الغرق في النيل؟,Which prophet was saved from drowning in the Nile?,موسى عليه السلام,Moses,☪️ دين,إسلامية / مسيحية / يهودية,☪️ Religion,Islam / Christianity / Judaism 
أي بحر شق موسى؟,What sea did Moses split?,البحر الأحمر,Red Sea,☪️ دين,إسلامية / مسيحية / يهودية,☪️ Religion,Islam / Christianity / Judaism 
ما معجزة النبي صالح عليه السلام؟,What was the miracle of Prophet Saleh?,الناقة,The she-camel,☪️ دين,إسلامية / مسيحية / يهودية,☪️ Religion,Islam / Christianity / Judaism 
أي نبي نجا داخل حوت؟,Which prophet was saved in a great fish?,يونس عليه السلام,Yunus,☪️ دين,إسلامية / مسيحية / يهودية,☪️ Religion,Islam / Christianity / Judaism 
أي ديانة تعبد أهورا مزدا؟,Which religion worships Ahura Mazda?,الزرادشتية,Zoroastrianism,☪️ دين,ديانات أخرى,☪️ Religion,Other Religions
أي ديانة تستخدم رمز الفرافهار؟,Which religion uses the Faravahar symbol?,الزرادشتية,Zoroastrianism,☪️ دين,ديانات أخرى,☪️ Religion,Other Religions
أي نبي نجا من نار النمرود؟,Which prophet was saved from King Nimrod’s fire?,إبراهيم عليه السلام,Abraham (Ibrahim),☪️ دين,إسلامية / مسيحية / يهودية,☪️ Religion,Islam / Christianity / Judaism 
أي نبي زوجته أنجبت في سن متأخرة؟,Which prophet’s wife gave birth miraculously at old age?,إبراهيم عليه السلام,Abraham (Ibrahim),☪️ دين,إسلامية / مسيحية / يهودية,☪️ Religion,Islam / Christianity / Judaism 
أي نبي حطم الأصنام؟,Which prophet broke idols in his people’s temple?,إبراهيم عليه السلام,Abraham (Ibrahim),☪️ دين,إسلامية / مسيحية / يهودية,☪️ Religion,Islam / Christianity / Judaism 
أي نبي أُلقي في النار ولم يحترق؟,Which prophet was thrown into fire but did not burn?,إبراهيم عليه السلام,Abraham (Ibrahim),☪️ دين,إسلامية / مسيحية / يهودية,☪️ Religion,Islam / Christianity / Judaism 
ما اسم الجنة التي عاش فيها آدم وحواء؟,What was the name of the garden of Adam and Eve?,جنة عدن,Garden of Eden,☪️ دين,إسلامية / مسيحية / يهودية,☪️ Religion,Islam / Christianity / Judaism 
أي نبي وُلد بدون أب؟,Which prophet was born without a father?,عيسى عليه السلام,Jesus (Isa),☪️ دين,إسلامية / مسيحية / يهودية,☪️ Religion,Islam / Christianity / Judaism 
أي نبي كان يشفي المرضى ويحيي الموتى بإذن الله؟,Which prophet healed the sick and raised the dead by God’s permission?,عيسى عليه السلام,Jesus (Isa),☪️ دين,إسلامية / مسيحية / يهودية,☪️ Religion,Islam / Christianity / Judaism 
أي نبي صنع طيراً من الطين بإذن الله؟,Which prophet created a bird from clay (by God's permission)?,عيسى عليه السلام,Jesus (Isa),☪️ دين,إسلامية / مسيحية / يهودية,☪️ Religion,Islam / Christianity / Judaism 
أي نبي شفى العمى؟,Which prophet cured blindness by God’s permission?,عيسى عليه السلام,Jesus (Isa),☪️ دين,إسلامية / مسيحية / يهودية,☪️ Religion,Islam / Christianity / Judaism 
أي نبي تكلم وهو رضيع؟,Which prophet spoke as a baby according to tradition?,عيسى عليه السلام,Jesus (Isa),☪️ دين,إسلامية / مسيحية / يهودية,☪️ Religion,Islam / Christianity / Judaism 
أي نبي شُفي بعد مرض طويل؟,Which prophet was healed after a long illness?,أيوب عليه السلام,Ayyub,☪️ دين,إسلامية / مسيحية / يهودية,☪️ Religion,Islam / Christianity / Judaism 
أي نبي اشتهر بالصبر الشديد؟,Which prophet was known for patience during extreme suffering?,أيوب عليه السلام,Ayyub,☪️ دين,إسلامية / مسيحية / يهودية,☪️ Religion,Islam / Christianity / Judaism 
أي نبي نجا داخل حوت عظيم؟,Which prophet survived inside a great fish?,يونس عليه السلام,Yunus,☪️ دين,إسلامية / مسيحية / يهودية,☪️ Religion,Islam / Christianity / Judaism 
أي نبي صام ونجا في بطن الحوت؟,Which prophet fasted and survived in the belly of a fish?,يونس عليه السلام,Yunus,☪️ دين,إسلامية / مسيحية / يهودية,☪️ Religion,Islam / Christianity / Judaism 
أي نبي أُرسل إلى نينوى؟,Which prophet was sent to Nineveh?,يونس عليه السلام,Yunus,☪️ دين,إسلامية / مسيحية / يهودية,☪️ Religion,Islam / Christianity / Judaism 
أي نبي فسّر الأحلام في السجن وأصبح حاكماً؟,Which prophet interpreted dreams in prison and became ruler?,يوسف عليه السلام,Joseph (Yusuf),☪️ دين,إسلامية / مسيحية / يهودية,☪️ Religion,Islam / Christianity / Judaism 
أي نبي اشتهر بتفسير الأحلام في مصر؟,Which prophet interpreted dreams in Egypt?,يوسف عليه السلام,Joseph (Yusuf),☪️ دين,إسلامية / مسيحية / يهودية,☪️ Religion,Islam / Christianity / Judaism 
من قاد بني إسرائيل للخروج من مصر؟,Who led the Israelites out of Egypt?,موسى عليه السلام,Moses,☪️ دين,إسلامية / مسيحية / يهودية,☪️ Religion,Islam / Christianity / Judaism 
عصا أي نبي تحولت إلى ثعبان؟,Which prophet's staff turned into a snake?,موسى عليه السلام,Moses,☪️ دين,إسلامية / مسيحية / يهودية,☪️ Religion,Islam / Christianity / Judaism 
عصا أي نبي تحولت إلى ثعبان أمام فرعون؟,Which prophet’s staff turned into a serpent in front of Pharaoh?,موسى عليه السلام,Moses,☪️ دين,إسلامية / مسيحية / يهودية,☪️ Religion,Islam / Christianity / Judaism 
عصا أي نبي ابتلعت سحر السحرة؟,Which prophet had a rod that swallowed magic serpents?,موسى عليه السلام,Moses,☪️ دين,إسلامية / مسيحية / يهودية,☪️ Religion,Islam / Christianity / Judaism 
أي نبي وُضع في سلة على النهر؟,Which prophet was protected in a basket on a river?,موسى عليه السلام,Moses,☪️ دين,إسلامية / مسيحية / يهودية,☪️ Religion,Islam / Christianity / Judaism 
أي نبي نجا قومه من فرعون؟,Which prophet’s people were saved from Pharaoh?,موسى عليه السلام,Moses,☪️ دين,إسلامية / مسيحية / يهودية,☪️ Religion,Islam / Christianity / Judaism 
أي نبي كلمه الله من شجرة مشتعلة؟,Which prophet spoke to God from a burning bush?,موسى عليه السلام,Moses,☪️ دين,إسلامية / مسيحية / يهودية,☪️ Religion,Islam / Christianity / Judaism 
أي نبي كلمه الله مباشرة في جبل سيناء؟,Which prophet spoke to God directly on Mount Sinai?,موسى عليه السلام,Moses,☪️ دين,إسلامية / مسيحية / يهودية,☪️ Religion,Islam / Christianity / Judaism 
أي نبي شق البحر؟,Which prophet split the sea?,موسى عليه السلام,Moses,☪️ دين,إسلامية / مسيحية / يهودية,☪️ Religion,Islam / Christianity / Judaism 
أي نبي جاءت على يده الضربات العشر على مصر؟,Which prophet brought ten plagues upon Egypt?,موسى عليه السلام,Moses,☪️ دين,إسلامية / مسيحية / يهودية,☪️ Religion,Islam / Christianity / Judaism 
أي نبي أخرج الماء من الصخر؟,Which prophet caused water to gush from a rock?,موسى عليه السلام,Moses,☪️ دين,إسلامية / مسيحية / يهودية,☪️ Religion,Islam / Christianity / Judaism 
أي نبي أُعطي التوراة؟,Which prophet received the Torah?,موسى عليه السلام,Moses,☪️ دين,إسلامية / مسيحية / يهودية,☪️ Religion,Islam / Christianity / Judaism 
على أي جبل استقر فلك نوح وفقاً للتقاليد؟,On which mountain did Noah's Ark rest according to tradition?,جبل أرارات,Mount Ararat,☪️ دين,إسلامية / مسيحية / يهودية,☪️ Religion,Islam / Christianity / Judaism 
أي نبي شق القمر؟,Which prophet split the moon?,محمد ﷺ,Muhammad,☪️ دين,إسلامية / مسيحية / يهودية,☪️ Religion,Islam / Christianity / Judaism 
أي نبي شق القمر؟,Which prophet split the moon according to Islamic tradition?,محمد ﷺ,Muhammad,☪️ دين,إسلامية / مسيحية / يهودية,☪️ Religion,Islam / Christianity / Judaism 
أي نبي انتقل من مكة إلى القدس في ليلة واحدة؟,Which prophet traveled from Mecca to Jerusalem in one night?,محمد ﷺ,Muhammad,☪️ دين,إسلامية / مسيحية / يهودية,☪️ Religion,Islam / Christianity / Judaism 
أي نبي نجا من الطوفان؟,Which prophet survived a global flood?,نوح,Noah,☪️ دين,إسلامية / مسيحية / يهودية,☪️ Religion,Islam / Christianity / Judaism 
أي نبي قومه أهلكوا بالطوفان؟,Which prophet’s people were destroyed by a flood?,نوح,Noah,☪️ دين,إسلامية / مسيحية / يهودية,☪️ Religion,Islam / Christianity / Judaism 
أي نبي بنى الفلك؟,Which prophet built the Ark?,نوح,Noah,☪️ دين,إسلامية / مسيحية / يهودية,☪️ Religion,Islam / Christianity / Judaism 
ما اسم أول خمسة أسفار من الكتاب المقدس؟,What are the first five books of the Bible called?,الأسفار الخمسة,Pentateuch,☪️ دين,إسلامية / مسيحية / يهودية,☪️ Religion,Islam / Christianity / Judaism 
أي بحر شقه موسى؟,Which sea did Moses part?,البحر الأحمر,Red Sea,☪️ دين,إسلامية / مسيحية / يهودية,☪️ Religion,Islam / Christianity / Judaism 
أي نبي خرجت له ناقة من الصخر؟,Which prophet’s camel came out of a rock?,صالح عليه السلام,Saleh,☪️ دين,إسلامية / مسيحية / يهودية,☪️ Religion,Islam / Christianity / Judaism 
أي ملك بنى الهيكل الأول في القدس؟,Which king built the First Temple in Jerusalem?,سليمان عليه السلام,Solomon,☪️ دين,إسلامية / مسيحية / يهودية,☪️ Religion,Islam / Christianity / Judaism 
أي نبي كان يفهم لغة الحيوانات؟,Which prophet could understand animals?,سليمان عليه السلام,Solomon (Sulaiman),☪️ دين,إسلامية / مسيحية / يهودية,☪️ Religion,Islam / Christianity / Judaism 
أي نبي كان له جيش من الجن والإنس؟,Which prophet had an army of jinn and humans?,سليمان عليه السلام,Solomon (Sulaiman),☪️ دين,إسلامية / مسيحية / يهودية,☪️ Religion,Islam / Christianity / Judaism 
أي نبي سخر الله له الرياح؟,Which prophet controlled the wind by God's permission?,سليمان عليه السلام,Solomon (Sulaiman),☪️ دين,إسلامية / مسيحية / يهودية,☪️ Religion,Islam / Christianity / Judaism 
أي نبي تكلم مع الطيور؟,Which prophet spoke to birds?,سليمان عليه السلام,Solomon (Sulaiman),☪️ دين,إسلامية / مسيحية / يهودية,☪️ Religion,Islam / Christianity / Judaism 
أي نبي رُزق بابن في سن متأخرة؟,Which prophet was given a son at old age after prayer?,زكريا عليه السلام,Zachariah (Zakariya),☪️ دين,إسلامية / مسيحية / يهودية,☪️ Religion,Islam / Christianity / Judaism 
كم عدد الغورو المعترف بهم في السيخية؟,How many Sikh Gurus are recognized?,10,10,☪️ دين,ديانات أخرى,☪️ Religion,Other Religions
ما أعلى طبقة تقليدية في الهندوسية؟,What is the highest traditional Hindu caste?,البراهمة,Brahmin,☪️ دين,ديانات أخرى,☪️ Religion,Other Religions
أي ديانة تستخدم رمز عجلة الدارما؟,Which religion uses the Dharma Wheel symbol?,البوذية,Buddhism,☪️ دين,ديانات أخرى,☪️ Religion,Other Religions
ما الحيوان المقدس لدى العديد من الهندوس؟,What animal is sacred to many Hindus?,البقرة,Cow,☪️ دين,ديانات أخرى,☪️ Religion,Other Religions
ما المهرجان الهندوسي المعروف بعيد الأنوار؟,What Hindu festival is known as the Festival of Lights?,ديوالي,Diwali,☪️ دين,ديانات أخرى,☪️ Religion,Other Religions
أي إله هندوسي له رأس فيل؟,Which Hindu deity has an elephant head?,غانيشا,Ganesha,☪️ دين,ديانات أخرى,☪️ Religion,Other Religions
ما النهر المقدس المرتبط بالهندوسية؟,What sacred river is associated with Hinduism?,نهر الغانج,Ganges River,☪️ دين,ديانات أخرى,☪️ Religion,Other Religions
أي ديانة تشتهر بالإيمان بالكارما وتناسخ الأرواح؟,Which religion emphasizes karma and reincarnation?,الهندوسية,Hinduism,☪️ دين,ديانات أخرى,☪️ Religion,Other Religions
ما اسم التحرر من دورة الولادة والموت في البوذية؟,What is liberation from rebirth called in Buddhism?,النيرفانا,Nirvana,☪️ دين,ديانات أخرى,☪️ Religion,Other Religions
ما اللغة المقدسة للنصوص الهندوسية؟,What is the sacred language of Hindu scriptures?,السنسكريتية,Sanskrit,☪️ دين,ديانات أخرى,☪️ Religion,Other Religions
ما اسم بوذا قبل التنوير؟,What was Buddha's name before enlightenment?,سيدهارتا غوتاما,Siddhartha Gautama,☪️ دين,ديانات أخرى,☪️ Religion,Other Religions
من يُعتبر مؤسس الديانة البوذية؟,Who is considered the founder of Buddhism?,سيدهارتا غوتاما (بوذا),Siddhartha Gautama (Buddha),☪️ دين,ديانات أخرى,☪️ Religion,Other Religions
أي ديانة تتبع تعاليم غورو ناناك؟,Which religion follows the teachings of Guru Nanak?,السيخية,Sikhism,☪️ دين,ديانات أخرى,☪️ Religion,Other Religions
ما اسم النصوص المقدسة البوذية؟,What are the Buddhist scriptures called?,التريبيتاكا,Tripitaka,☪️ دين,ديانات أخرى,☪️ Religion,Other Religions
ما اسم القانون الرهباني البوذي؟,What is the Buddhist monastic code called?,الفينايا,Vinaya,☪️ دين,ديانات أخرى,☪️ Religion,Other Religions
أي إله هندوسي يُعرف بالحافظ؟,Which Hindu god is known as the Preserver?,فيشنو,Vishnu,☪️ دين,ديانات أخرى,☪️ Religion,Other Religions
ما اسم حفل بلوغ الفتى في اليهودية؟,What is a Jewish boy's coming-of-age ceremony called?,بار ميتزفا,Bar Mitzvah,☪️ دين,اليهودية,☪️ Religion,Judaism
ما المقابل الأنثوي لبار ميتزفا؟,What is the female equivalent of a Bar Mitzvah?,بات ميتزفا,Bat Mitzvah,☪️ دين,اليهودية,☪️ Religion,Judaism
ما اسم عيد الأنوار اليهودي؟,What is the Jewish Festival of Lights called?,حانوكا,Hanukkah,☪️ دين,اليهودية,☪️ Religion,Judaism
ما أقدس مدينة في اليهودية؟,What is the holiest city in Judaism?,القدس,Jerusalem,☪️ دين,اليهودية,☪️ Religion,Judaism
ما اسم صلاة الحداد اليهودية؟,What is the Jewish mourning prayer called?,قاديش,Kaddish,☪️ دين,اليهودية,☪️ Religion,Judaism
ما اسم الشريعة الشفوية اليهودية؟,What is the Jewish oral law called?,المشناه,Mishnah,☪️ دين,اليهودية,☪️ Religion,Judaism
على أي جبل تلقى موسى الوصايا العشر؟,On which mountain did Moses receive the Ten Commandments?,جبل سيناء,Mount Sinai,☪️ دين,اليهودية,☪️ Religion,Judaism
ما اسم رأس السنة اليهودية؟,What is the Jewish New Year called?,روش هاشناه,Rosh Hashanah,☪️ دين,اليهودية,☪️ Religion,Judaism
ما اسم يوم الراحة في اليهودية؟,What is the Jewish day of rest called?,السبت (شبات),Sabbath (Shabbat),☪️ دين,اليهودية,☪️ Religion,Judaism
ما اسم شال الصلاة اليهودي؟,What is the Jewish prayer shawl called?,طاليت,Tallit,☪️ دين,اليهودية,☪️ Religion,Judaism
مم تتكون التوراة بشكل أساسي؟,What does the Torah primarily consist of?,الأسفار الخمسة الأولى لموسى,The first five books of Moses,☪️ دين,اليهودية,☪️ Religion,Judaism
ما هو الكتاب المقدس في اليهودية؟,What is the holy book of Judaism?,التوراة,Torah,☪️ دين,اليهودية,☪️ Religion,Judaism
ما أقدس يوم في اليهودية؟,What is the holiest day in Judaism?,يوم كيبور,Yom Kippur,☪️ دين,اليهودية,☪️ Religion,Judaism
كم كان عدد تلاميذ السيد المسيح؟,How many disciples did Jesus have?,12,12,☪️ دين,المسيحية,☪️ Religion,Christianity
كم عدد أسفار الكتاب المقدس البروتستانتي؟,How many books are in the Protestant Bible?,66,66,☪️ دين,المسيحية,☪️ Religion,Christianity
في أي مدينة وُلد السيد المسيح عليه السلام؟,In which city was Jesus born?,بيت لحم,Bethlehem,☪️ دين,المسيحية,☪️ Religion,Christianity
ما هو الكتاب المقدس في المسيحية؟,What is the holy book of Christianity?,الكتاب المقدس,Bible,☪️ دين,المسيحية,☪️ Religion,Christianity
ما العيد المسيحي الذي يحتفل بميلاد السيد المسيح عليه السلام؟,What Christian holiday celebrates the birth of Jesus?,عيد الميلاد,Christmas,☪️ دين,المسيحية,☪️ Religion,Christianity
أي إمبراطور شرّع المسيحية؟,Which emperor legalized Christianity?,قسطنطين الكبير,Constantine the Great,☪️ دين,المسيحية,☪️ Religion,Christianity
ما العيد الذي يحتفل بقيامة المسيح؟,What feast celebrates Jesus' resurrection?,عيد الفصح,Easter,☪️ دين,المسيحية,☪️ Religion,Christianity
ما أول كتاب في الكتاب المقدس؟,What is the first book of the Bible?,سفر التكوين,Genesis,☪️ دين,المسيحية,☪️ Religion,Christianity
من خان السيد المسيح؟,Who betrayed Jesus?,يهوذا الإسخريوطي,Judas Iscariot,☪️ دين,المسيحية,☪️ Religion,Christianity
ما الفترة المسيحية التي تسبق عيد الفصح؟,What Christian season precedes Easter?,الصوم الكبير,Lent,☪️ دين,المسيحية,☪️ Religion,Christianity
من بنى الفلك بحسب الكتاب المقدس؟,Who built the ark according to the Bible?,نوح,Noah,☪️ دين,المسيحية,☪️ Religion,Christianity
أي رسول ارتبط بمدينة روما؟,Which apostle is associated with Rome?,بطرس,Peter,☪️ دين,المسيحية,☪️ Religion,Christianity
ما آخر كتاب في العهد الجديد؟,What is the final book of the New Testament?,سفر الرؤيا,Revelation,☪️ دين,المسيحية,☪️ Religion,Christianity
ما أكبر طائفة مسيحية؟,What is the largest Christian denomination?,الكنيسة الكاثوليكية الرومانية,Roman Catholic Church,☪️ دين,المسيحية,☪️ Religion,Christianity
ما أكبر فرع في المسيحية؟,What is the largest branch of Christianity?,الكاثوليكية الرومانية,Roman Catholicism,☪️ دين,المسيحية,☪️ Religion,Christianity
أي قديس ارتبط بنشر المسيحية في أيرلندا؟,Which saint brought Christianity to Ireland?,القديس باتريك,Saint Patrick,☪️ دين,المسيحية,☪️ Religion,Christianity
ما الاسم الأصلي للرسول بولس؟,What was the Apostle Paul's original name?,شاول,Saul,☪️ دين,المسيحية,☪️ Religion,Christianity
ما أقدس يوم في الأسبوع لدى المسيحيين؟,What is the holiest day of the week for Christians?,الأحد,Sunday,☪️ دين,المسيحية,☪️ Religion,Christianity
ماذا يحتفل به عيد الفصح؟,What does Easter celebrate?,قيامة المسيح,The resurrection of Jesus,☪️ دين,المسيحية,☪️ Religion,Christianity
أي رسول مسيحي عُرف بالشك؟,Which apostle was known as the doubter?,توما,Thomas,☪️ دين,المسيحية,☪️ Religion,Christianity
ما المدينة التي تُعتبر المركز الروحي للكاثوليكية؟,What city is the spiritual center of Catholicism?,مدينة الفاتيكان,Vatican City,☪️ دين,المسيحية,☪️ Religion,Christianity
كم عدد الصلوات المفروضة يومياً في الإسلام؟,How many obligatory daily prayers are there in Islam?,5,5,☪️ دين,الإسلام,☪️ Religion,Islam
أي نبي يُلقب بخليل الله؟,Which prophet is called Friend of God in Islam?,إبراهيم عليه السلام,Abraham (Ibrahim),☪️ دين,الإسلام,☪️ Religion,Islam
أي نبي بنى الكعبة مع إسماعيل؟,Which prophet built the Kaaba with Ishmael?,إبراهيم عليه السلام,Abraham (Ibrahim),☪️ دين,الإسلام,☪️ Religion,Islam
بأي لغة نزل القرآن الكريم؟,In what language was the Quran revealed?,العربية,Arabic,☪️ دين,الإسلام,☪️ Religion,Islam
أي هجرة بدأت التقويم الإسلامي؟,What migration began the Islamic calendar?,الهجرة إلى المدينة المنورة,Hijra to Medina,☪️ دين,الإسلام,☪️ Religion,Islam
ما أكبر مسجد في العالم؟,What is the largest mosque in the world?,المسجد الحرام,Masjid al-Haram,☪️ دين,الإسلام,☪️ Religion,Islam
في أي مدينة تقع الكعبة المشرفة؟,In which city is the Kaaba located?,مكة المكرمة,Mecca,☪️ دين,الإسلام,☪️ Religion,Islam
ما هو الكتاب المقدس في الإسلام؟,What is the holy book of Islam?,القرآن الكريم,Quran,☪️ دين,الإسلام,☪️ Religion,Islam
ما اسم شهر الصيام في الإسلام؟,What is the Islamic month of fasting called?,رمضان,Ramadan,☪️ دين,الإسلام,☪️ Religion,Islam
ما اسم الشهادة في الإسلام؟,What is the Islamic declaration of faith called?,الشهادتان,Shahada,☪️ دين,الإسلام,☪️ Religion,Islam
ما أطول سورة في القرآن الكريم؟,What is the longest chapter in the Quran?,سورة البقرة,Surah Al-Baqarah,☪️ دين,الإسلام,☪️ Religion,Islam
ما أقصر سورة في القرآن الكريم؟,What is the shortest surah in the Quran?,سورة الكوثر,Surah Al-Kawthar,☪️ دين,الإسلام,☪️ Religion,Islam
ما الحدث الذي يمثل بداية التقويم الهجري؟,What event marks the start of the Islamic calendar?,الهجرة النبوية,The Hijra,☪️ دين,الإسلام,☪️ Religion,Islam
ماذا يحيي شهر رمضان؟,What does Ramadan commemorate?,نزول القرآن الكريم,The revelation of the Quran,☪️ دين,الإسلام,☪️ Religion,Islam
أي خليفة أشرف على توحيد المصحف؟,Which caliph standardized the Quran?,عثمان بن عفان,Uthman ibn Affan,☪️ دين,الإسلام,☪️ Religion,Islam
أي ركن من أركان الإسلام يتعلق بالصدقة؟,What pillar of Islam is charitable giving?,الزكاة,Zakat,☪️ دين,الإسلام,☪️ Religion,Islam
ما عاصمة كوريا الجنوبية؟,What is the capital of South Korea?,سيول,Seoul,🌍 جغرافيا,,🌍 Geography,
ما اسم أكبر مدينة في سوريا من حيث عدد السكان؟,What is the largest city in Syria by population?,حلب,Aleppo,🌍 جغرافيا,,🌍 Geography,
أي بحر يفصل السعودية عن أفريقيا؟,Which sea separates Saudi Arabia from Africa?,البحر الأحمر,Red Sea,🌍 جغرافيا,,🌍 Geography,
ما عاصمة الأرجنتين؟,What is the capital of Argentina?,بوينس أيرس,Buenos Aires,🌍 جغرافيا,,🌍 Geography,
ما عاصمة تنزانيا؟,What is the capital of Tanzania?,دودوما,Dodoma,🌍 جغرافيا,,🌍 Geography,
ما عاصمة بلجيكا؟,What is the capital of Belgium?,بروكسل,Brussels,🌍 جغرافيا,,🌍 Geography,
ما عاصمة رومانيا؟,What is the capital of Romania?,بوخارست,Bucharest,🌍 جغرافيا,,🌍 Geography,
ما اسم الحضارة القديمة المرتبطة بمدينة البتراء؟,Which ancient civilization is associated with Petra?,الأنباط,Nabataeans,🌍 جغرافيا,,🌍 Geography,
ما عاصمة إثيوبيا؟,What is the capital of Ethiopia?,أديس أبابا,Addis Ababa,🌍 جغرافيا,,🌍 Geography,
ما عاصمة إسبانيا؟,What is the capital of Spain?,مدريد,Madrid,🌍 جغرافيا,,🌍 Geography,
ما اسم أعلى جبل في سوريا؟,What is the highest mountain in Syria?,جبل الشيخ,Mount Hermon,🌍 جغرافيا,,🌍 Geography,
ما عاصمة الجزائر؟,What is the capital of Algeria?,الجزائر العاصمة,Algiers,🌍 جغرافيا,,🌍 Geography,
أي دولة فيها جبال الهيمالايا؟,Which country contains the Himalayas?,نيبال والهند,Nepal and India,🌍 جغرافيا,,🌍 Geography,
أي مدينة أقدم: دمشق أم أثينا؟,Which city is older: Damascus or Athens?,دمشق,Damascus,🌍 جغرافيا,,🌍 Geography,
سوريا تقع في أي جهة من قارة آسيا؟,In which direction of Asia is Syria located?,غرب آسيا,Western Asia,🌍 جغرافيا,,🌍 Geography,
ما عاصمة اليابان؟,What is the capital of Japan?,طوكيو,Tokyo,🌍 جغرافيا,,🌍 Geography,
ما عاصمة البرتغال؟,What is the capital of Portugal?,لشبونة,Lisbon,🌍 جغرافيا,,🌍 Geography,
ما البحر الذي يفصل بين أوروبا وأفريقيا؟,Which sea separates Europe and Africa?,البحر الأبيض المتوسط,Mediterranean Sea,🌍 جغرافيا,,🌍 Geography,
ما هي أكبر قارة في العالم من حيث المساحة؟,What is the largest continent in the world by area?,آسيا,Asia,🌍 جغرافيا,,🌍 Geography,
أي نهر أطول: النيل أم الأمازون؟,Which river is longer: the Nile or the Amazon?,النيل,Nile River,🌍 جغرافيا,,🌍 Geography,
ما عاصمة كندا؟,What is the capital of Canada?,أوتاوا,Ottawa,🌍 جغرافيا,,🌍 Geography,
أي دولة تمتلك أطول خط ساحلي؟,Which country has the longest coastline?,كندا,Canada,🌍 جغرافيا,,🌍 Geography,
ما عاصمة سوريا؟,What is the capital of Syria?,دمشق,Damascus,🌍 جغرافيا,,🌍 Geography,
ما اسم أكبر دولة في العالم من حيث المساحة؟,What is the largest country in the world by area?,روسيا,Russia,🌍 جغرافيا,,🌍 Geography,
أي مدينة تُلقّب بـ المدينة التي لا تنام؟,"Which city is nicknamed ""The City That Never Sleeps""?",نيويورك,New York City,🌍 جغرافيا,,🌍 Geography,
ما عاصمة الهند؟,What is the capital of India?,نيودلهي,New Delhi,🌍 جغرافيا,,🌍 Geography,
ما عاصمة سلطنة عُمان؟,What is the capital of Oman?,مسقط,Muscat,🌍 جغرافيا,,🌍 Geography,
ما اسم العاصمة القديمة لتركيا؟,What was the former capital of Turkey?,اسطنبول (القسطنطينية),Istanbul (Constantinople),🌍 جغرافيا,,🌍 Geography,
أي بحر بيطلّ عليه الساحل السوري؟,Which sea borders the Syrian coast?,البحر الأبيض المتوسط,Mediterranean Sea,🌍 جغرافيا,,🌍 Geography,
ما أعلى جبل في الأردن؟,What is the highest mountain in Jordan?,جبل أمّ الدامي,Jabal Umm ad Dami,🌍 جغرافيا,,🌍 Geography,
أي مدينة أكبر: القاهرة أم بغداد؟,Which city is larger: Cairo or Baghdad?,القاهرة,Cairo,🌍 جغرافيا,,🌍 Geography,
أي دولة تمتلك أكبر عدد من البحيرات؟,Which country has the largest number of lakes?,كندا,Canada,🌍 جغرافيا,,🌍 Geography,
ما عاصمة السودان؟,What is the capital of Sudan?,الخرطوم,Khartoum,🌍 جغرافيا,,🌍 Geography,
ما عاصمة المغرب؟,What is the capital of Morocco?,الرباط,Rabat,🌍 جغرافيا,,🌍 Geography,
ما اسم أكبر دولة في أمريكا اللاتينية؟,What is the largest country in Latin America?,البرازيل,Brazil,🌍 جغرافيا,,🌍 Geography,
ما عاصمة فلسطين المعترف بها دوليًا؟,What is the internationally recognized capital of Palestine?,القدس الشرقية,East Jerusalem,🌍 جغرافيا,,🌍 Geography,
ما عاصمة إندونيسيا؟,What is the capital of Indonesia?,جاكرتا,Jakarta,🌍 جغرافيا,,🌍 Geography,
أي قارة فيها أطول سلسلة جبلية؟,Which continent contains the longest mountain range?,أمريكا الجنوبية (الأنديز),South America (Andes Mountains),🌍 جغرافيا,,🌍 Geography,
ما اسم أطول نهر في لبنان؟,What is the longest river in Lebanon?,نهر الليطاني,Litani River,🌍 جغرافيا,,🌍 Geography,
ما عاصمة اليمن؟,What is the capital of Yemen?,صنعاء,Sana'a,🌍 جغرافيا,,🌍 Geography,
ما اسم النهر الذي يمر في دمشق؟,What is the name of the river that flows through Damascus?,نهر بردى,Barada River,🌍 جغرافيا,,🌍 Geography,
أي مدينة بنيت على الماء؟,Which city was built on water?,البندقية,Venice,🌍 جغرافيا,,🌍 Geography,
ما عاصمة الكويت؟,What is the capital of Kuwait?,الكويت,Kuwait City,🌍 جغرافيا,,🌍 Geography,
أي جزيرة هي الأكبر في البحر المتوسط؟,Which island is the largest in the Mediterranean Sea?,صقلية,Sicily,🌍 جغرافيا,,🌍 Geography,
أي مدينة لبنانية معروفة ب «عروس الشمال»؟,"Which Lebanese city is known as the ""Bride of the North""?",طرابلس,Tripoli,🌍 جغرافيا,,🌍 Geography,
ما اسم أكبر محيط بعد المحيط الهادئ؟,What is the largest ocean after the Pacific Ocean?,المحيط الأطلسي,Atlantic Ocean,🌍 جغرافيا,,🌍 Geography,
ما عاصمة ساحل العاج؟,What is the capital of Côte d'Ivoire?,أبيدجان,Abidjan,🌍 جغرافيا,,🌍 Geography,
ما عاصمة الدنمارك؟,What is the capital of Denmark?,كوبنهاغن,Copenhagen,🌍 جغرافيا,,🌍 Geography,
أي دولة خليجية أصغر مساحةً؟,Which Gulf country has the smallest land area?,البحرين,Bahrain,🌍 جغرافيا,,🌍 Geography,
أي دولة فيها نهر الأمازون؟,Which country contains the Amazon River?,البرازيل,Brazil,🌍 جغرافيا,,🌍 Geography,
أي مدينة كانت عاصمة الخلافة الأموية؟,Which city was the capital of the Umayyad Caliphate?,دمشق,Damascus,🌍 جغرافيا,,🌍 Geography,
ما عاصمة أستراليا؟,What is the capital of Australia?,كانبيرا,Canberra,🌍 جغرافيا,,🌍 Geography,
ما اسم المدينة الفلسطينية الساحلية التاريخية؟,What is the name of the historic Palestinian coastal city?,يافا,Jaffa,🌍 جغرافيا,,🌍 Geography,
ما أكبر محيط في العالم؟,What is the largest ocean in the world?,المحيط الهادئ,Pacific Ocean,🌍 جغرافيا,,🌍 Geography,
ما عاصمة هولندا؟,What is the capital of the Netherlands?,أمستردام,Amsterdam,🌍 جغرافيا,,🌍 Geography,
ما عاصمة إيران؟,What is the capital of Iran?,طهران,Tehran,🌍 جغرافيا,,🌍 Geography,
ما عاصمة كولومبيا؟,What is the capital of Colombia?,بوغوتا,Bogotá,🌍 جغرافيا,,🌍 Geography,
ما أطول نهر في العالم؟,What is the longest river in the world?,نهر النيل,Nile River,🌍 جغرافيا,,🌍 Geography,
ما هو أعلى جبل في العالم؟,What is the highest mountain in the world?,جبل إيفرست (8848.86 متر),"Mount Everest (8,848.86 m)",🌍 جغرافيا,,🌍 Geography,
ما عاصمة بولندا؟,What is the capital of Poland?,وارسو,Warsaw,🌍 جغرافيا,,🌍 Geography,
ما عاصمة اليونان؟,What is the capital of Greece?,أثينا,Athens,🌍 جغرافيا,,🌍 Geography,
ما عاصمة قطر؟,What is the capital of Qatar?,الدوحة,Doha,🌍 جغرافيا,,🌍 Geography,
ما اسم أعلى جبل في لبنان؟,What is the highest mountain in Lebanon?,القرنة السوداء,Qurnat as Sawda,🌍 جغرافيا,,🌍 Geography,
أي دولة أقدم: اليابان أم الصين؟,Which country is older: Japan or China?,الصين (رسمياً),China (officially),🌍 جغرافيا,,🌍 Geography,
ما عاصمة باكستان؟,What is the capital of Pakistan?,إسلام أباد,Islamabad,🌍 جغرافيا,,🌍 Geography,
ما عاصمة الأردن؟,What is the capital of Jordan?,عمّان,Amman,🌍 جغرافيا,,🌍 Geography,
في أي قارة تقع البرازيل؟,On which continent is Brazil located?,أمريكا الجنوبية,South America,🌍 جغرافيا,,🌍 Geography,
ما عاصمة النمسا؟,What is the capital of Austria?,فيينا,Vienna,🌍 جغرافيا,,🌍 Geography,
ما عاصمة العراق؟,What is the capital of Iraq?,بغداد,Baghdad,🌍 جغرافيا,,🌍 Geography,
ما عاصمة مصر؟,What is the capital of Egypt?,القاهرة,Cairo,🌍 جغرافيا,,🌍 Geography,
أي بحر أكبر: البحر المتوسط أم الأحمر؟,Which sea is larger: the Mediterranean Sea or the Red Sea?,البحر المتوسط,Mediterranean Sea,🌍 جغرافيا,,🌍 Geography,
أي دولة خليجية أقل اعتماداً على النفط؟,Which Gulf country is the least dependent on oil?,الإمارات,United Arab Emirates,🌍 جغرافيا,,🌍 Geography,
ما اسم أكبر دولة في أفريقيا من حيث المساحة؟,What is the largest country in Africa by area?,الجزائر,Algeria,🌍 جغرافيا,,🌍 Geography,
ما عاصمة النرويج؟,What is the capital of Norway?,أوسلو,Oslo,🌍 جغرافيا,,🌍 Geography,
ما اسم المدينة الأردنية القريبة من الحدود السورية؟,What is the name of the Jordanian city near the Syrian border?,الرمثا,Ramtha,🌍 جغرافيا,,🌍 Geography,
ما عاصمة جيبوتي؟,What is the capital of Djibouti?,جيبوتي,Djibouti,🌍 جغرافيا,,🌍 Geography,
ما عاصمة السعودية؟,What is the capital of Saudi Arabia?,الرياض,Riyadh,🌍 جغرافيا,,🌍 Geography,
ما هي أصغر دولة في العالم من حيث المساحة؟,What is the smallest country in the world by area?,الفاتيكان,Vatican City,🌍 جغرافيا,,🌍 Geography,
ما عاصمة لبنان؟,What is the capital of Lebanon?,بيروت,Beirut,🌍 جغرافيا,,🌍 Geography,
ما عاصمة ليبيا؟,What is the capital of Libya?,طرابلس,Tripoli,🌍 جغرافيا,,🌍 Geography,
في أي مدينة يقع المسجد الأقصى؟,In which city is Al-Aqsa Mosque located?,القدس,Jerusalem,🌍 جغرافيا,,🌍 Geography,
ما عاصمة المكسيك؟,What is the capital of Mexico?,مكسيكو سيتي,Mexico City,🌍 جغرافيا,,🌍 Geography,
ما عاصمة تركيا؟,What is the capital of Turkey?,أنقرة,Ankara,🌍 جغرافيا,,🌍 Geography,
ما عاصمة نيوزيلندا؟,What is the capital of New Zealand?,ولينغتون,Wellington,🌍 جغرافيا,,🌍 Geography,
ما عاصمة كينيا؟,What is the capital of Kenya?,نيروبي,Nairobi,🌍 جغرافيا,,🌍 Geography,
ما عاصمة فنلندا؟,What is the capital of Finland?,هلسنكي,Helsinki,🌍 جغرافيا,,🌍 Geography,
أي دولة عاصمتها يرفان؟,Which country has Yerevan as its capital?,أرمينيا,Armenia,🌍 جغرافيا,,🌍 Geography,
ما عاصمة سويسرا؟,What is the capital of Switzerland?,برن,Bern,🌍 جغرافيا,,🌍 Geography,
ما عاصمة تونس؟,What is the capital of Tunisia?,تونس,Tunis,🌍 جغرافيا,,🌍 Geography,
ما عاصمة السويد؟,What is the capital of Sweden?,ستوكهولم,Stockholm,🌍 جغرافيا,,🌍 Geography,
ما عاصمة البحرين؟,What is the capital of Bahrain?,المنامة,Manama,🌍 جغرافيا,,🌍 Geography,
ما اسم أكبر مدينة في العالم من حيث عدد السكان؟,What is the largest city in the world by population?,طوكيو,Tokyo,🌍 جغرافيا,,🌍 Geography,
ما عاصمة دولة الإمارات العربية المتحدة؟,What is the capital of the United Arab Emirates?,أبوظبي,Abu Dhabi,🌍 جغرافيا,,🌍 Geography,
ما عاصمة الصين؟,What is the capital of China?,بكين,Beijing,🌍 جغرافيا,,🌍 Geography,
ما عاصمة غانا؟,What is the capital of Ghana?,أكرا,Accra,🌍 جغرافيا,,🌍 Geography,
أي دولة عربية هي الأكبر مساحةً؟,Which Arab country is the largest by area?,الجزائر,Algeria,🌍 جغرافيا,,🌍 Geography,
أي دولة فيها برج إيفل؟,Which country is home to the Eiffel Tower?,فرنسا,France,🌍 جغرافيا,,🌍 Geography,
ما اسم القناة التي تربط البحر الأبيض المتوسط بالبحر الأحمر؟,What is the name of the canal that connects the Mediterranean Sea to the Red Sea?,قناة السويس,Suez Canal,🌍 جغرافيا,,🌍 Geography,
ما عاصمة نيجيريا؟,What is the capital of Nigeria?,أبوجا,Abuja,🌍 جغرافيا,,🌍 Geography,
أي دولة أكثر سكاناً: الهند أم الصين؟,Which country has a larger population: India or China?,الهند,India,🌍 جغرافيا,,🌍 Geography,
ما عاصمة السنغال؟,What is the capital of Senegal?,داكار,Dakar,🌍 جغرافيا,,🌍 Geography,
كم دولة عضو في مجلس التعاون الخليجي؟,How many member states are there in the Gulf Cooperation Council (GCC)?,6,6,🌍 جغرافيا,,🌍 Geography,
أي معلم تاريخي في الشوف (لبنان) يستضيف مهرجانات صيفية؟,"Which historical landmark in Chouf, Lebanon hosts summer festivals?",قصر بيت الدين,Beiteddine Palace,🌍 جغرافيا,,🌍 Geography,
ما اسم الميناء الرئيسي في الأردن؟,What is the main port of Jordan?,العقبة,Aqaba,🌍 جغرافيا,,🌍 Geography,
ما اسم المضيق الذي يفصل بين أوروبا وأفريقيا؟,What is the name of the strait that separates Europe and Africa?,مضيق جبل طارق,Strait of Gibraltar,🌍 جغرافيا,,🌍 Geography,
بأي سنة انسحب الاحتلال الإسرائيلي من الجنوب اللبناني؟,In what year did the Israeli occupation withdraw from South Lebanon?,2000,2000,🌍 جغرافيا,,🌍 Geography,
ما اسم أشهر معلم أثري في الأردن؟,What is the most famous archaeological landmark in Jordan?,البتراء,Petra,🌍 جغرافيا,,🌍 Geography,
ما اسم أكبر جزيرة في العالم؟,What is the largest island in the world?,غرينلاند,Greenland,🌍 جغرافيا,,🌍 Geography,
ما اسم أكبر صحراء باردة في العالم؟,What is the largest cold desert in the world?,القارة القطبية الجنوبية,Antarctica,🌍 جغرافيا,,🌍 Geography,
ما اسم أطول شارع في بيروت؟,What is the longest street in Beirut?,شارع الحمراء,Hamra Street,🌍 جغرافيا,,🌍 Geography,
ما اسم المعبر الشهير في قطاع غزة؟,What is the name of the famous crossing in the Gaza Strip?,معبر رفح,Rafah Crossing,🌍 جغرافيا,,🌍 Geography,
ما اسم القلعة الأشهر في القاهرة؟,What is the most famous fortress in Cairo?,قلعة صلاح الدين,Saladin Citadel,🌍 جغرافيا,,🌍 Geography,
ما اسم أكبر صحراء في العالم؟,What is the largest desert in the world?,الصحراء الأفريقية الكبرى,Sahara Desert,🌍 جغرافيا,,🌍 Geography,
ما أكثر دول العالم من حيث عدد السكان؟,Which country has the largest population in the world?,الهند,India,🌍 جغرافيا,,🌍 Geography,
ما اسم أعلى شلال في العالم؟,What is the highest waterfall in the world?,شلال أنخيل في فنزويلا Angel Falls,"Angel Falls, Venezuela",🌍 جغرافيا,,🌍 Geography,
ما اسم المطار الدولي الرئيسي في سوريا؟,What is the main international airport in Syria?,مطار دمشق الدولي,Damascus International Airport,🌍 جغرافيا,,🌍 Geography,
ما اللغة الرسمية في البرازيل؟,What is the official language of Brazil?,البرتغالية,Portuguese,🌍 جغرافيا,,🌍 Geography,
ما اسم الصحراء المشهورة في الأردن؟,What is the name of the famous desert in Jordan?,وادي رم,Wadi Rum,🌍 جغرافيا,,🌍 Geography,
العلم الأردني فيه كم لون؟,How many colors are there on the Jordanian flag?,4,4,🌍 جغرافيا,,🌍 Geography,
ما اسم العملة الرسمية في تركيا؟,What is the official currency of Turkey?,الليرة التركية,Turkish Lira,🌍 جغرافيا,,🌍 Geography,
ما اسم خط العرض 0°؟,What is the name of the 0° line of latitude?,خط الاستواء,Equator,🌍 جغرافيا,,🌍 Geography,
بأي سنة تم افتتاح برج خليفة في دبي؟,In what year was the Burj Khalifa in Dubai officially opened?,2010,2010,🌍 جغرافيا,,🌍 Geography,
ما اسم أشهر فندق في دبي؟,What is the most famous hotel in Dubai?,برج العرب,Burj Al Arab,🌍 جغرافيا,,🌍 Geography,
ما اسم أطول طريق في السعودية؟,What is the longest road in Saudi Arabia?,طريق الملك فهد,King Fahd Road,🌍 جغرافيا,,🌍 Geography,
هل تقع أوروبا شمال أم جنوب خط الاستواء؟,Is Europe north or south of the Equator?,شمال خط الاستواء,North of the Equator,🌍 جغرافيا,,🌍 Geography,
ما اسم النشيد الوطني الأردني؟,What is the national anthem of Jordan called?,السلام الملكي الأردني,The Royal Jordanian Anthem,🌍 جغرافيا,,🌍 Geography,
أي دولة عربية لديها أكبر احتياطي نفط؟,Which Arab country has the largest oil reserves?,السعودية,Saudi Arabia,🌍 جغرافيا,,🌍 Geography,
كم دولة عضو في الاتحاد الأوروبي؟,How many member states are there in the European Union?,27,27,🌍 جغرافيا,,🌍 Geography,
ما أخفض نقطة على سطح اليابسة؟,What is the lowest point on Earth's land surface?,البحر الميت (حوالي −430 متر),Dead Sea (approximately -430 meters),🌍 جغرافيا,,🌍 Geography,
ما اسم أشهر سوق في دمشق؟,What is the most famous market (souq) in Damascus?,سوق الحميدية,Al-Hamidiyah Souq,🌍 جغرافيا,,🌍 Geography,
إلى أي منطقتين إداريتين تُقسم فلسطين؟,Into which two administrative regions is Palestine divided?,الضفة الغربية وقطاع غزة,The West Bank and the Gaza Strip,🌍 جغرافيا,,🌍 Geography,
ما هي الجبنة الأساسية في بيتزا المارغريتا الأصلية؟,What is the main cheese used in the original Margherita pizza?,موزاريلا,Mozzarella,🍽️ الطعام والمأكولات,,🍽️ Food & Cuisine,
ما اسم الأكلة اليمنية المشهورة بالأرز واللحم؟,What is the famous Yemeni dish made with rice and meat?,مندي,Mandi,🍽️ الطعام والمأكولات,,🍽️ Food & Cuisine,
ما اسم الخبز المصري التقليدي؟,What is the name of the traditional Egyptian bread?,عيش بلدي,Baladi Bread,🍽️ الطعام والمأكولات,,🍽️ Food & Cuisine,
أي بلد أصل طبق الشاورما؟,Which country is the origin of Shawarma?,تركيا,Turkey,🍽️ الطعام والمأكولات,,🍽️ Food & Cuisine,
إلى أي مدينة عربية يُنسب أصل الكنافة؟,To which Arab city is the origin of Kunafa attributed?,نابلس / فلسطين,"Nablus, Palestine",🍽️ الطعام والمأكولات,,🍽️ Food & Cuisine,
ما المكوّن الأساسي في التبولة؟,What is the main ingredient in Tabbouleh?,البقدونس,Parsley,🍽️ الطعام والمأكولات,,🍽️ Food & Cuisine,
ما اسم الطبق الذي يحتوي على الحمص واللبن والخبز؟,"What is the name of the dish that contains chickpeas, yogurt, and bread?",فتة,Fatteh,🍽️ الطعام والمأكولات,,🍽️ Food & Cuisine,
ما اسم الحلوى الأردنية المشهورة؟,What is the famous Jordanian dessert?,كنافة,Kunafa,🍽️ الطعام والمأكولات,,🍽️ Food & Cuisine,
أي بلد يُنسب إلها أصل الكرواسون تاريخياً؟,Which country is historically credited as the origin of the croissant?,النمسا,Austria,🍽️ الطعام والمأكولات,,🍽️ Food & Cuisine,
ما اسم الخبز الفلسطيني التقليدي؟,What is the name of the traditional Palestinian bread?,خبز الطابون,Taboon Bread,🍽️ الطعام والمأكولات,,🍽️ Food & Cuisine,
من أي بلد يعود أصل طبق الباييلا (Paella)؟,From which country does the dish Paella originate?,إسبانيا,Spain,🍽️ الطعام والمأكولات,,🍽️ Food & Cuisine,
أي فاكهة مشهورة في مصر صيفاً؟,Which fruit is especially popular in Egypt during the summer?,المانغا,Mango,🍽️ الطعام والمأكولات,,🍽️ Food & Cuisine,
بأي سنة صدر فيلم Avatar الأول؟,In what year was the first Avatar movie released?,2009,2009,🎬 أفلام ومسلسلات,,🎬 Movies & TV,
بأي سنة صدر مسلسل باب الحارة لأول مرة؟,In what year was the TV series Bab Al-Hara first released?,2006,2006,🎬 أفلام ومسلسلات,,🎬 Movies & TV,
من هو بطل مسلسل Game of Thrones؟,Who is the main protagonist of Game of Thrones?,كيت هارينغتون,Kit Harington,🎬 أفلام ومسلسلات,,🎬 Movies & TV,
من هو بطل فيلم Joker (2019)؟,Who is the main character of the movie Joker (2019)?,واكين فينيكس,Joaquin Phoenix,🎬 أفلام ومسلسلات,,🎬 Movies & TV,
من هو الفنان الملقب بعبقري الطرب؟,"Which artist is known as the ""Genius of Arabic Singing""?",صباح فخري,Sabah Fakhri,🎬 أفلام ومسلسلات,,🎬 Movies & TV,
من هو مخرج فيلم Titanic؟,Who directed the movie Titanic?,جيمس كاميرون,James Cameron,🎬 أفلام ومسلسلات,,🎬 Movies & TV,
بأي سنة نزلت الأغنية بوس الواوا؟,In what year was the song Boos El Wawa released?,2006,2006,🎬 أفلام ومسلسلات,,🎬 Movies & TV,
بأي سنة صدر فيلم Titanic؟,In what year was the movie Titanic released?,1997,1997,🎬 أفلام ومسلسلات,,🎬 Movies & TV,
من هو والد الفنان زياد الرحباني؟,Who is the father of the artist Ziad Rahbani?,عاصي الرحباني,Assi Rahbani,🎬 أفلام ومسلسلات,,🎬 Movies & TV,
أي شركة إنتاج عربية شهيرة دعمت الأغنية ببداية الالفنيات؟,Which famous Arab production company supported songs in the early 2000s?,روتانا,Rotana,🎬 أفلام ومسلسلات,,🎬 Movies & TV,
ما اسم المسرحية التي تتضمن أغنية «كان عنا طاحون»؟,What is the name of the play that includes the song Kan Enna Tahoun?,بيّاع الخواتم,The Ring Seller (Bayaa El Khawatem),🎬 أفلام ومسلسلات,,🎬 Movies & TV,
ما عدد أبناء وبنات الفنانة فيروز؟,How many sons and daughters does Fairuz have?,4,4,🎬 أفلام ومسلسلات,,🎬 Movies & TV,
من هو والد الفنان غسان الرحباني؟,Who is the father of the artist Ghassan Rahbani?,الياس الرحباني,Elias Rahbani,🎬 أفلام ومسلسلات,,🎬 Movies & TV,
اي سنة طلعت أغنية بابا لهيفاء وهبي؟,In what year was Haifa Wehbe's song Baba Fein released?,2010,2010,🎬 أفلام ومسلسلات,,🎬 Movies & TV,
من هو بطل فيلم The Matrix؟,Who is the protagonist of The Matrix?,كيانو ريفز,Keanu Reeves,🎬 أفلام ومسلسلات,,🎬 Movies & TV,
من هو المغني المصري الملقب بالهضبة؟,"Which Egyptian singer is known as ""El Hadaba"" (The Plateau)?",عمرو دياب,Amr Diab,🎬 أفلام ومسلسلات,,🎬 Movies & TV,
من هو بطل فيلم Spider-Man (2021)؟,Who is the star of Spider-Man (2021)?,توم هولاند,Tom Holland,🎬 أفلام ومسلسلات,,🎬 Movies & TV,
بأي سنة صدر فيلم Lion King الأصلي؟,In what year was the original The Lion King released?,1994,1994,🎬 أفلام ومسلسلات,,🎬 Movies & TV,
بأي سنة صدر أول فيلم Harry Potter؟,In what year was the first Harry Potter movie released?,2001,2001,🎬 أفلام ومسلسلات,,🎬 Movies & TV,
من هو المغني المعروف بالقفاز الأبيض؟,Which singer was known for the white glove?,Michael Jackson,Michael Jackson,🎬 أفلام ومسلسلات,,🎬 Movies & TV,
من هي الفرقة التي غنّت أغنية Bohemian Rhapsody؟,Which band performed the song Bohemian Rhapsody?,Queen,Queen,🎬 أفلام ومسلسلات,,🎬 Movies & TV,
من هو بطل سلسلة أفلام Mission Impossible؟,Who is the star of the Mission: Impossible film series?,توم كروز,Tom Cruise,🎬 أفلام ومسلسلات,,🎬 Movies & TV,
من هو والد شخصية سيمبا في فيلم الأسد الملك؟,Who is Simba's father in the Lion King?,موفاسا,Mufasa,🎬 أفلام ومسلسلات,,🎬 Movies & TV,
من هو مخرج سلسلة Star Wars الأصلية؟,Who directed the original Star Wars series?,جورج لوكاس,George Lucas,🎬 أفلام ومسلسلات,,🎬 Movies & TV,
أي مغنّي معروف بلقب The King of Rock and Roll؟,"Which singer is known as ""The King of Rock and Roll""?",Elvis Presley,Elvis Presley,🎭 الفن والمشاهير,,🎭 Entertainment & Celebrities,
ما الاسم الحقيقي لفيروز؟,What is Fairuz's real name?,نهاد حداد,Nouhad Haddad,🎭 الفن والمشاهير,,🎭 Entertainment & Celebrities,
من الأكبر سنًا: نانسي عجرم أم إليسا؟,Who is older: Nancy Ajram or Elissa?,إليسا,Elissa,🎭 الفن والمشاهير,,🎭 Entertainment & Celebrities,
بأي مهرجان لبناني غنّت فيروز لسنوات عديدة؟,At which Lebanese festival did Fairuz perform for many years?,مهرجانات بعلبك,Baalbek International Festival,🎭 الفن والمشاهير,,🎭 Entertainment & Celebrities,
من هو زوج شيرين عبد الوهاب؟,Who is Sherine Abdel Wahab's husband?,حسام حبيب,Hossam Habib,🎭 الفن والمشاهير,,🎭 Entertainment & Celebrities,
ما اسم زوج فيروز؟,What is the name of Fairuz's husband?,عاصي الرحباني,Assi Rahbani,🎭 الفن والمشاهير,,🎭 Entertainment & Celebrities,
من الأطول: نانسي عجرم أم إليسا؟,Who is taller: Nancy Ajram or Elissa?,إليسا,Elissa,🎭 الفن والمشاهير,,🎭 Entertainment & Celebrities,
من هو زوج بيونسيه؟,Who is Beyoncé's husband?,جاي زي,Jay-Z,🎭 الفن والمشاهير,,🎭 Entertainment & Celebrities,
من الأكبر سنًا: عمرو دياب أم كاظم الساهر؟,Who is older: Amr Diab or Kadim Al Sahir?,كاظم الساهر,Kadim Al Sahir,🎭 الفن والمشاهير,,🎭 Entertainment & Celebrities,
من الأطول: زياد الرحباني أم ملحم زين؟,Who is taller: Ziad Rahbani or Melhem Zein?,ملحم زين,Melhem Zein,🎭 الفن والمشاهير,,🎭 Entertainment & Celebrities,
من هو زوج شيرين رضا السابق؟,Who is Sherine Reda's former husband?,عمرو دياب,Amr Diab,🎭 الفن والمشاهير,,🎭 Entertainment & Celebrities,
من هو زوج نانسي عجرم الأول؟,Who was Nancy Ajram's first husband?,فادي الهاشم,Fadi El Hachem,🎭 الفن والمشاهير,,🎭 Entertainment & Celebrities,
من الأطول: توم كروز أم براد بيت؟,Who is taller: Tom Cruise or Brad Pitt?,براد بيت,Brad Pitt,🎭 الفن والمشاهير,,🎭 Entertainment & Celebrities,
من الأطول: محمد عبده أم عبد المجيد عبد الله؟,Who is taller: Mohammed Abdu or Abdul Majeed Abdullah?,محمد عبده,Mohammed Abdu,🎭 الفن والمشاهير,,🎭 Entertainment & Celebrities,
من الأطول: عمرو دياب أم تامر حسني؟,Who is taller: Amr Diab or Tamer Hosny?,تامر حسني,Tamer Hosny,🎭 الفن والمشاهير,,🎭 Entertainment & Celebrities,
أي مدينة لبنانية مشهورة بالمهرجانات الصيفية العالمية؟,Which Lebanese city is famous for its international summer festivals?,بعلبك,Baalbek,🎭 الفن والمشاهير,,🎭 Entertainment & Celebrities,
ما اللقب الأشهر لفيروز؟,What is Fairuz's most famous title (nickname)?,سفيرة لبنان إلى النجوم,Lebanon's Ambassador to the Stars,🎭 الفن والمشاهير,,🎭 Entertainment & Celebrities,
من هو زوج صباح الأخير؟,Who was Sabah's last husband?,فادي لبنان,Fadi Lebanon,🎭 الفن والمشاهير,,🎭 Entertainment & Celebrities,
من هو زوج منى زكي؟,Who is Mona Zaki's husband?,أحمد حلمي,Ahmed Helmy,🎭 الفن والمشاهير,,🎭 Entertainment & Celebrities,
في ماذا تستخدم خطوط الطول؟,What are lines of longitude used for?,الوقت,Time,🎭 الفن والمشاهير,,🎭 Entertainment & Celebrities,
من هو زوج كيم كارداشيان السابق؟,Who is Kim Kardashian's former husband?,كانييه ويست,Kanye West,🎭 الفن والمشاهير,,🎭 Entertainment & Celebrities,
من هو زوج ريهانا؟,Who is Rihanna's husband?,لم تتزوج,She has never been married,🎭 الفن والمشاهير,,🎭 Entertainment & Celebrities,
في من أحياء بيروت كبرت فيروز؟,In which Beirut neighborhood did Fairuz grow up?,زقاق البلاط,Zuqaq al-Blat,🎭 الفن والمشاهير,,🎭 Entertainment & Celebrities,
أي سنة توفّي عاصي الرحباني؟,In what year did Assi Rahbani pass away?,1986,1986,🎭 الفن والمشاهير,,🎭 Entertainment & Celebrities,
من هو زوج جورج كلوني؟,Who is George Clooney's wife?,أمل علم الدين,Amal Clooney,🎭 الفن والمشاهير,,🎭 Entertainment & Celebrities,
من هو زوج بليك ليفلي؟,Who is Blake Lively's husband?,رايان رينولدز,Ryan Reynolds,🎭 الفن والمشاهير,,🎭 Entertainment & Celebrities,
من هو زوج ميغان ماركل؟,Who is Meghan Markle's husband?,الأمير هاري,Prince Harry,🎭 الفن والمشاهير,,🎭 Entertainment & Celebrities,
من الأطول: شاكيرا أم جنيفر لوبيز؟,Who is taller: Shakira or Jennifer Lopez?,جنيفر لوبيز,Jennifer Lopez,🎭 الفن والمشاهير,,🎭 Entertainment & Celebrities,
من الأطول: محمد رمضان أم عمرو دياب؟,Who is taller: Mohamed Ramadan or Amr Diab?,محمد رمضان,Mohamed Ramadan,🎭 الفن والمشاهير,,🎭 Entertainment & Celebrities,
ما هو أثقل عنصر طبيعي؟,What is the heaviest naturally occurring element?,الأورانيوم,Uranium,🔬 العلوم والطبيعة,الكيمياء,🔬 Science & Nature,Chemistry
ما هو أخف غاز؟,What is the lightest gas?,الهيدروجين,Hydrogen,🔬 العلوم والطبيعة,الكيمياء,🔬 Science & Nature,Chemistry
ما الصيغة الكيميائية للماء؟,What is the chemical formula for water?,H2O,H₂O,🔬 العلوم والطبيعة,الكيمياء,🔬 Science & Nature,Chemistry
ما هو أكثر الغازات وفرة في الغلاف الجوي؟,What is the most abundant gas in Earth's atmosphere?,النيتروجين,Nitrogen,🔬 العلوم والطبيعة,الكيمياء,🔬 Science & Nature,Chemistry
ما هو الكوكب الأكثر سخونة في المجموعة الشمسية؟,What is the hottest planet in the Solar System?,الزهرة,Venus,🔬 العلوم والطبيعة,الفلك,🔬 Science & Nature,Astronomy
كم عدد كواكب المجموعة الشمسية؟,How many planets are in the Solar System?,8,8,🔬 العلوم والطبيعة,الفلك,🔬 Science & Nature,Astronomy
ما هو أكبر كوكب في المجموعة الشمسية؟,What is the largest planet in the Solar System?,المشتري,Jupiter,🔬 العلوم والطبيعة,الفلك,🔬 Science & Nature,Astronomy
ما الكوكب المعروف بالكوكب الأحمر؟,Which planet is known as the Red Planet?,المريخ,Mars,🔬 العلوم والطبيعة,الفلك,🔬 Science & Nature,Astronomy
ما هو أقرب كوكب إلى الشمس؟,Which planet is closest to the Sun?,عطارد,Mercury,🔬 العلوم والطبيعة,الفلك,🔬 Science & Nature,Astronomy
كم يومًا في السنة الكبيسة؟,How many days are there in a leap year?,366,366,🔬 العلوم والطبيعة,علوم الأرض,🔬 Science & Nature,Earth Science
كم ثانية في الساعة؟,How many seconds are there in an hour?,3600,3600,🔬 العلوم والطبيعة,علوم الأرض,🔬 Science & Nature,Earth Science
ما هو أكبر ثدييات في العالم؟,What is the largest mammal in the world?,الحوت الأزرق,Blue Whale,🔬 العلوم والطبيعة,النباتات والحيوانات,🔬 Science & Nature,Plants & Animals
أي عالم اكتشف الجاذبية؟,Which scientist discovered gravity?,إسحاق نيوتن,Isaac Newton,🔬 العلوم والطبيعة,العلماء والاكتشافات,🔬 Science & Nature,Scientists & Discoveries
أي عالم اكتشف نظرية التطور؟,Which scientist developed the theory of evolution?,تشارلز داروين,Charles Darwin,🔬 العلوم والطبيعة,العلماء والاكتشافات,🔬 Science & Nature,Scientists & Discoveries
أي عالم اخترع الهاتف؟,Which scientist invented the telephone?,ألكسندر غراهام بيل,Alexander Graham Bell,🔬 العلوم والطبيعة,العلماء والاكتشافات,🔬 Science & Nature,Scientists & Discoveries
ما اسم الغدة التي تتحكم بنسبة السكر في الدم؟,What is the name of the gland that controls blood sugar levels?,البنكرياس,Pancreas,🔬 العلوم والطبيعة,جسم الإنسان,🔬 Science & Nature,Human Body
ما اسم الجهاز المسؤول عن ضخ الدم؟,What is the name of the organ responsible for pumping blood?,القلب,Heart,🔬 العلوم والطبيعة,جسم الإنسان,🔬 Science & Nature,Human Body
كم عدد أسنان الإنسان البالغ؟,How many teeth does an adult human have?,32,32,🔬 العلوم والطبيعة,جسم الإنسان,🔬 Science & Nature,Human Body
ما اسم أطول عظم في الجسم؟,What is the longest bone in the human body?,عظم الفخذ,Femur,🔬 العلوم والطبيعة,جسم الإنسان,🔬 Science & Nature,Human Body
كم عدد رئات الإنسان؟,How many lungs does a human have?,2,2,🔬 العلوم والطبيعة,جسم الإنسان,🔬 Science & Nature,Human Body
كم طبقة في جلد الإنسان؟,How many layers does human skin have?,ثلاث طبقات رئيسية,Three main layers,🔬 العلوم والطبيعة,جسم الإنسان,🔬 Science & Nature,Human Body
كم فصيلة دم لدى الإنسان؟,How many blood types are there in humans?,"4 (A, B, AB, O)","4 (A, B, AB, O)",🔬 العلوم والطبيعة,جسم الإنسان,🔬 Science & Nature,Human Body
ما اسم الجزيء الوراثي؟,What is the name of the genetic molecule?,DNA,DNA,🔬 العلوم والطبيعة,علم الأحياء,🔬 Science & Nature,Biology
بأي محافظة اردنية تقع البتراء؟,In which Jordanian governorate is Petra located?,معان,Ma'an,🧠 معلومات عامة,,🧠 General Knowledge,
أي شركة تملك واتساب؟,Which company owns WhatsApp?,ميتا (فيسبوك),Meta (Facebook),🧠 معلومات عامة,,🧠 General Knowledge,
أي دولة أكبر مصنّع في العالم؟,Which country is the world's largest manufacturer?,الصين,China,🧠 معلومات عامة,,🧠 General Knowledge,
أي عملة تُستخدم في التجارة النفطية الدولية؟,Which currency is used in international oil trade?,الدولار الأمريكي,US Dollar,🧠 معلومات عامة,,🧠 General Knowledge,
ما اسم الشجرة الرمزية لفلسطين؟,What is the symbolic tree of Palestine?,الزيتون,Olive Tree,🧠 معلومات عامة,,🧠 General Knowledge,
أي شركة تملك يوتيوب؟,Which company owns YouTube?,غوغل,Google,🧠 معلومات عامة,,🧠 General Knowledge,
ما اسم أقدم جامعة في العالم؟,What is the oldest university in the world?,جامعة القرويين في المغرب,University of Al Quaraouiyine (Morocco),🧠 معلومات عامة,,🧠 General Knowledge,
أي حضارة بنت الكولوسيوم؟,Which civilization built the Colosseum?,الرومانية,Roman Civilization,🧠 معلومات عامة,,🧠 General Knowledge,
ما اسم أعلى شلال في لبنان؟,What is the highest waterfall in Lebanon?,شلالات جزين,Jezzine Waterfalls,🧠 معلومات عامة,,🧠 General Knowledge,
ما اسم الأسلوب الفني الذي اتبعه بيكاسو؟,What artistic style is Pablo Picasso known for?,التكعيبية,Cubism,🧠 معلومات عامة,,🧠 General Knowledge,
من هو مؤلف رواية «زقاق المدق»؟,Who is the author of the novel Midaq Alley?,نجيب محفوظ,Naguib Mahfouz,🧠 معلومات عامة,,🧠 General Knowledge,
ما اسم الفرقة الموسيقية التي أسسها الأخوان رحباني مع فيروز؟,What is the name of the musical group founded by the Rahbani Brothers with Fairuz?,فرقة الأنوار,Al Anwar Ensemble,🧠 معلومات عامة,,🧠 General Knowledge,
ما اسم أقدم صحيفة لبنانية؟,What is the oldest newspaper in Lebanon?,النهار,An-Nahar,🧠 معلومات عامة,,🧠 General Knowledge,
بأي سنة انتهت الحرب العالمية الثانية؟,In what year did World War II end?,1945,1945,🧠 معلومات عامة,,🧠 General Knowledge,
أي بلد عربي مشهور بالكسكسي؟,Which Arab country is famous for couscous?,المغرب,Morocco,🧠 معلومات عامة,,🧠 General Knowledge,
أي بلد أصل طبق المنسف؟,Which country is the origin of Mansaf?,الأردن,Jordan,🧠 معلومات عامة,,🧠 General Knowledge,
كم حرفًا في الأبجدية الإنجليزية؟,How many letters are there in the English alphabet?,26,26,🧠 معلومات عامة,,🧠 General Knowledge,
أي شركة صنعت XBox؟,Which company manufactures the Xbox?,مايكروسوفت,Microsoft,🧠 معلومات عامة,,🧠 General Knowledge,
من الأطول: كيفن دورانت أم كوبي براينت؟,Who is taller: Kevin Durant or Kobe Bryant?,كيفن دورانت,Kevin Durant,🧠 معلومات عامة,,🧠 General Knowledge,
ما اسم النظام الحاكم في الأردن؟,What is the system of government in Jordan?,ملكي,Monarchy,🧠 معلومات عامة,,🧠 General Knowledge,
ما اسم العملة الرسمية في الأردن؟,What is the official currency of Jordan?,الدينار الأردني,Jordanian Dinar,🧠 معلومات عامة,,🧠 General Knowledge,
من الأطول: رامي عياش أم وائل كفوري؟,Who is taller: Rami Ayach or Wael Kfoury?,وائل كفوري,Wael Kfoury,🧠 معلومات عامة,,🧠 General Knowledge,
من هو مؤلف رواية «أولاد حارتنا»؟,Who is the author of the novel Children of Gebelawi?,نجيب محفوظ,Naguib Mahfouz,🧠 معلومات عامة,,🧠 General Knowledge,
من يُلقّب بشاعر الكلمة العربية؟,"Who is known as the ""Poet of the Arabic Word""?",المتنبي,Al-Mutanabbi,🧠 معلومات عامة,,🧠 General Knowledge,
من هو رئيس السلطة الفلسطينية الحالي؟,Who is the current President of the Palestinian Authority?,محمود عباس,Mahmoud Abbas,🧠 معلومات عامة,,🧠 General Knowledge,
أي شركة تملك PlayStation؟,Which company owns PlayStation?,سوني,Sony,🧠 معلومات عامة,,🧠 General Knowledge,
ما هي أقوى عملة بالعالم؟,What is the strongest currency in the world?,الدينار الكويتي,Kuwaiti Dinar,🧠 معلومات عامة,,🧠 General Knowledge,
أي شركة تملك إنستغرام؟,Which company owns Instagram?,ميتا (فيسبوك),Meta (Facebook),🧠 معلومات عامة,,🧠 General Knowledge,
بأي سنة تأسست شركة غوغل؟,In what year was Google founded?,1998,1998,🧠 معلومات عامة,,🧠 General Knowledge,
بأي سنة أُطلقت منصة فيسبوك؟,In what year was Facebook launched?,2004,2004,🧠 معلومات عامة,,🧠 General Knowledge,
ما اسم منظمة الدول المصدرة للنفط؟,What is the name of the Organization of the Petroleum Exporting Countries?,أوبك,OPEC,🧠 معلومات عامة,,🧠 General Knowledge,
من هو مؤسس شركة آبل؟,Who founded Apple?,ستيف جوبز,Steve Jobs,🧠 معلومات عامة,,🧠 General Knowledge,
من هو أول عربي فاز بجائزة نوبل في الأدب؟,Who was the first Arab to win the Nobel Prize in Literature?,نجيب محفوظ,Naguib Mahfouz,🧠 معلومات عامة,,🧠 General Knowledge,
ما اسم أكبر جيش في العالم؟,Which country has the largest army in the world?,الجيش الصيني,Chinese Army,🧠 معلومات عامة,,🧠 General Knowledge,
ما عدد الدول العربية؟,How many Arab countries are there?,22,22,🧠 معلومات عامة,,🧠 General Knowledge,
من هو شاعر المقاومة الفلسطينية؟,Who is the Palestinian poet of resistance?,محمود درويش,Mahmoud Darwish,🧠 معلومات عامة,,🧠 General Knowledge,
ما اسم أكبر شركة نفطية في العالم؟,What is the largest oil company in the world?,أرامكو السعودية,Saudi Aramco,🧠 معلومات عامة,,🧠 General Knowledge,
ما اسم أكبر بورصة في العالم؟,What is the largest stock exchange in the world?,بورصة نيويورك,New York Stock Exchange (NYSE),🧠 معلومات عامة,,🧠 General Knowledge,
بأي سنة أُسّس الاتحاد الأوروبي رسمياً؟,In what year was the European Union officially established?,1993,1993,🧠 معلومات عامة,,🧠 General Knowledge,
بأي سنة انتهى الاتحاد السوفياتي رسميًا؟,In what year did the Soviet Union officially dissolve?,1991,1991,🧠 معلومات عامة,,🧠 General Knowledge,
ما اسم أقدم جامعة في لبنان؟,What is the oldest university in Lebanon?,الجامعة الأميركية في بيروت,American University of Beirut (AUB),🧠 معلومات عامة,,🧠 General Knowledge,
ما اسم أكبر عضو في جسم الإنسان؟,What is the largest organ in the human body?,الجلد,Skin,🧠 معلومات عامة,,🧠 General Knowledge,
ما اسم العملة الرسمية في السعودية؟,What is the official currency of Saudi Arabia?,الريال السعودي,Saudi Riyal,🧠 معلومات عامة,,🧠 General Knowledge,
بأي سنة عُرض أول جزء من برنامج ستار أكاديمي؟,In what year was the first season of Star Academy aired?,2003,2003,🧠 معلومات عامة,,🧠 General Knowledge,
ما اسم أقدم حضارة في العالم؟,What is the oldest civilization in the world?,السومرية,Sumerian Civilization,🧠 معلومات عامة,,🧠 General Knowledge,
اذكر2 من الدول اللي نتجت عن تفكّك يوغوسلافيا,Name two countries that emerged from the breakup of Yugoslavia.,سلوفينيا | كرواتيا | البوسنة والهرسك | صربيا | الجبل الأسود | مقدونيا الشمالية,Slovenia / Croatia / Bosnia and Herzegovina / Serbia / Montenegro / North Macedonia,🧠 معلومات عامة,,🧠 General Knowledge,
بأي قضاء لبناني موجودة غابة الأرز؟,In which Lebanese district is the Cedar Forest located?,بشري,Bsharri,🧠 معلومات عامة,,🧠 General Knowledge,
بأي سنة حصلت النكبة الفلسطينية؟,In what year did the Palestinian Nakba occur?,1948,1948,🧠 معلومات عامة,,🧠 General Knowledge,
بأي سنة انسحبت سوريا من لبنان؟,In what year did Syria withdraw from Lebanon?,2005,2005,🧠 معلومات عامة,,🧠 General Knowledge,
ما اسم العملة الرسمية في مصر؟,What is the official currency of Egypt?,الجنيه المصري,Egyptian Pound,🧠 معلومات عامة,,🧠 General Knowledge,
ما اسم العملة الرسمية في اليابان؟,What is the official currency of Japan?,الين,Japanese Yen,🧠 معلومات عامة,,🧠 General Knowledge,
بأي سنة ظهر الإنترنت للعموم؟,In what year did the Internet become available to the public?,1991,1991,🧠 معلومات عامة,,🧠 General Knowledge,
من هو مؤسس شركة أمازون؟,Who founded Amazon?,جيف بيزوس,Jeff Bezos,🧠 معلومات عامة,,🧠 General Knowledge,
ما اسم نظام تشغيل آبل للهواتف؟,What is Apple's mobile operating system called?,iOS,iOS,🧠 معلومات عامة,,🧠 General Knowledge,
من يُنسب إليه اكتشاف أمريكا بالنسبة لأوروبا عام 1492؟,Who is credited with discovering America for Europe in 1492?,كريستوفر كولومبوس,Christopher Columbus,🏛️ التاريخ,أميركي,🏛️ History,American
في أي عام وصل كريستوفر كولومبوس إلى الأمريكتين لأول مرة؟,In what year did Christopher Columbus first reach the Americas?,1492,1492,🏛️ التاريخ,أميركي,🏛️ History,American
أي امرأة من السكان الأصليين ساعدت مستوطني جيمستاون؟,Which Native American woman assisted the Jamestown settlers?,بوكاهونتاس,Pocahontas,🏛️ التاريخ,أميركي,🏛️ History,American
ما أول مستوطنة إنجليزية دائمة في أمريكا الشمالية؟,What was the first permanent English settlement in North America?,جيمستاون,Jamestown,🏛️ التاريخ,أميركي,🏛️ History,American
في أي عام تأسست جيمستاون؟,In which year was Jamestown founded?,1607,1607,🏛️ التاريخ,أميركي,🏛️ History,American
أي مستعمرة أسسها الحجاج عام 1620؟,Which colony was founded by the Pilgrims in 1620?,مستعمرة بليموث,Plymouth Colony,🏛️ التاريخ,أميركي,🏛️ History,American
ما اسم السفينة التي حملت الحجاج إلى أمريكا؟,What ship carried the Pilgrims to America?,ماي فلاور,Mayflower,🏛️ التاريخ,أميركي,🏛️ History,American
أي عيد يحيي ذكرى وليمة الحصاد التي أقامها الحجاج؟,Which holiday commemorates the Pilgrims' harvest feast?,عيد الشكر,Thanksgiving,🏛️ التاريخ,أميركي,🏛️ History,American
من كان أول رئيس للولايات المتحدة؟,Who was the first President of the United States?,جورج واشنطن,George Washington,🏛️ التاريخ,أميركي,🏛️ History,American
من كان ثاني رئيس للولايات المتحدة؟,Who was the second President of the United States?,جون آدامز,John Adams,🏛️ التاريخ,أميركي,🏛️ History,American
من كان ثالث رئيس للولايات المتحدة؟,Who was the third President of the United States?,توماس جيفرسون,Thomas Jefferson,🏛️ التاريخ,أميركي,🏛️ History,American
أي رئيس أتم صفقة شراء لويزيانا؟,Which president completed the Louisiana Purchase?,توماس جيفرسون,Thomas Jefferson,🏛️ التاريخ,أميركي,🏛️ History,American
في أي عام اكتملت صفقة شراء لويزيانا؟,In what year was the Louisiana Purchase completed?,1803,1803,🏛️ التاريخ,أميركي,🏛️ History,American
أي دولة باعت إقليم لويزيانا إلى الولايات المتحدة؟,Which country sold the Louisiana Territory to the United States?,فرنسا,France,🏛️ التاريخ,أميركي,🏛️ History,American
أي مبنى في العاصمة الأمريكية أحرقه البريطانيون عام 1814؟,Which U.S. capital building was burned by the British in 1814?,البيت الأبيض,White House,🏛️ التاريخ,أميركي,🏛️ History,American
ما هو النشيد الوطني للولايات المتحدة؟,What is the national anthem of the United States?,الراية المرصعة بالنجوم,The Star-Spangled Banner,🏛️ التاريخ,أميركي,🏛️ History,American
في أي عام أُعلن مبدأ مونرو؟,In what year was the Monroe Doctrine announced?,1823,1823,🏛️ التاريخ,أميركي,🏛️ History,American
من كان الرئيس السابع للولايات المتحدة؟,Who was the seventh President of the United States?,أندرو جاكسون,Andrew Jackson,🏛️ التاريخ,أميركي,🏛️ History,American
أي حزب سياسي ساعد أندرو جاكسون في تأسيسه؟,Which political party did Andrew Jackson help establish?,الحزب الديمقراطي,Democratic Party,🏛️ التاريخ,أميركي,🏛️ History,American
أي أمة من السكان الأصليين تأثرت أكثر بعمليات التهجير القسري؟,Which Native American nation was most affected by the forced relocatio?,الشيروكي,Cherokee,🏛️ التاريخ,أميركي,🏛️ History,American
أي ولاية أمريكية كانت جمهورية مستقلة قبل انضمامها إلى الاتحاد؟,Which U.S. state was an independent republic before joining the Union?,تكساس,Texas,🏛️ التاريخ,أميركي,🏛️ History,American
في أي عام انضمت تكساس إلى الولايات المتحدة؟,In what year did Texas join the United States?,1845,1845,🏛️ التاريخ,أميركي,🏛️ History,American
أي حرب أدت إلى حصول الولايات المتحدة على كاليفورنيا؟,Which war resulted in the U.S. acquiring California?,الحرب المكسيكية الأمريكية,Mexican-American War,🏛️ التاريخ,أميركي,🏛️ History,American
في أي عام بدأت حمى الذهب في كاليفورنيا؟,In what year did the California Gold Rush begin?,1848,1848,🏛️ التاريخ,أميركي,🏛️ History,American
أي ولاية تُعرف باسم الولاية الذهبية؟,Which state became known as the Golden State?,كاليفورنيا,California,🏛️ التاريخ,أميركي,🏛️ History,American
من أصبح الرئيس السادس عشر للولايات المتحدة؟,Who became the 16th President of the United States?,أبراهام لينكولن,Abraham Lincoln,🏛️ التاريخ,أميركي,🏛️ History,American
أي حرب دارت بين الشمال والجنوب من عام 1861 إلى 1865؟,Which war was fought between the North and South from 1861 to 1865?,الحرب الأهلية الأمريكية,American Civil War,🏛️ التاريخ,أميركي,🏛️ History,American
أي الولايات كانت تُشكل الاتحاد؟,Which states made up the Union?,الولايات الشمالية,Northern states,🏛️ التاريخ,أميركي,🏛️ History,American
أي الولايات كانت تُشكل الكونفدرالية؟,Which states made up the Confederacy?,الولايات الجنوبية,Southern states,🏛️ التاريخ,أميركي,🏛️ History,American
من كان رئيس الولايات الكونفدرالية؟,Who was the president of the Confederacy?,جيفرسون ديفيس,Jefferson Davis,🏛️ التاريخ,أميركي,🏛️ History,American
أي وثيقة حررت العبيد في الولايات الكونفدرالية؟,What document freed slaves in Confederate states?,إعلان تحرير العبيد,Emancipation Proclamation,🏛️ التاريخ,أميركي,🏛️ History,American
في أي عام صدر إعلان تحرير العبيد؟,In what year was the Emancipation Proclamation issued?,1863,1863,🏛️ التاريخ,أميركي,🏛️ History,American
أي معركة تُعد نقطة التحول في الحرب الأهلية الأمريكية؟,Which battle is considered the turning point of the Civil War?,معركة جيتيسبيرغ,Battle of Gettysburg,🏛️ التاريخ,أميركي,🏛️ History,American
أي جنرال قاد جيش الاتحاد في أواخر الحرب الأهلية؟,Which general commanded the Union Army late in the Civil War?,يوليسيس إس. غرانت,Ulysses S. Grant,🏛️ التاريخ,أميركي,🏛️ History,American
أي رئيس أمريكي اغتيل عام 1865؟,Which president was assassinated in 1865?,أبراهام لينكولن,Abraham Lincoln,🏛️ التاريخ,أميركي,🏛️ History,American
أي تعديل دستوري ألغى العبودية؟,Which amendment abolished slavery?,التعديل الثالث عشر,13th Amendment,🏛️ التاريخ,أميركي,🏛️ History,American
أي تعديل دستوري منح الجنسية للعبيد المحررين؟,Which amendment granted citizenship to former slaves?,التعديل الرابع عشر,14th Amendment,🏛️ التاريخ,أميركي,🏛️ History,American
أي تعديل دستوري منح الرجال الأمريكيين من أصل إفريقي حق التصويت؟,Which amendment gave African American men the right to vote?,التعديل الخامس عشر,15th Amendment,🏛️ التاريخ,أميركي,🏛️ History,American
ما اسم الفترة التي أعقبت الحرب الأهلية لإعادة إعمار الجنوب؟,What period followed the Civil War to rebuild the South?,إعادة الإعمار,Reconstruction,🏛️ التاريخ,أميركي,🏛️ History,American
أي تمثال كان يستقبل المهاجرين القادمين عبر البحر؟,Which statue welcomed immigrants arriving by sea?,تمثال الحرية,Statue of Liberty,🏛️ التاريخ,أميركي,🏛️ History,American
أي دولة أهدت تمثال الحرية إلى الولايات المتحدة؟,Which country gifted the Statue of Liberty to the United States?,فرنسا,France,🏛️ التاريخ,أميركي,🏛️ History,American
أي حرب دخلت فيها الولايات المتحدة عام 1917؟,Which war did the U.S. enter in 1917?,الحرب العالمية الأولى,World War I,🏛️ التاريخ,أميركي,🏛️ History,American
من كان رئيس الولايات المتحدة خلال الحرب العالمية الأولى؟,Who was president during World War I?,وودرو ويلسون,Woodrow Wilson,🏛️ التاريخ,أميركي,🏛️ History,American
أي معاهدة أنهت الحرب العالمية الأولى رسميًا؟,Which treaty officially ended World War I?,معاهدة فرساي,Treaty of Versailles,🏛️ التاريخ,أميركي,🏛️ History,American
ما الانهيار الاقتصادي الذي بدأ عام 1929؟,What economic collapse began in 1929?,الكساد الكبير,Great Depression,🏛️ التاريخ,أميركي,🏛️ History,American
ما الحدث الذي أشعل الكساد الكبير؟,Which event triggered the Great Depression?,انهيار سوق الأسهم عام 1929,Stock Market Crash of 1929,🏛️ التاريخ,أميركي,🏛️ History,American
من كان رئيس الولايات المتحدة خلال معظم فترة الكساد الكبير؟,Who was president during most of the Great Depression?,فرانكلين د. روزفلت,Franklin D. Roosevelt,🏛️ التاريخ,أميركي,🏛️ History,American
ماذا كان يُسمى برنامج روزفلت للتعافي الاقتصادي؟,What was Roosevelt's economic recovery program called?,الصفقة الجديدة,New Deal,🏛️ التاريخ,أميركي,🏛️ History,American
ما الحدث الذي أدخل الولايات المتحدة إلى الحرب العالمية الثانية؟,Which event brought the U.S. into World War II?,الهجوم على بيرل هاربر,Attack on Pearl Harbor,🏛️ التاريخ,أميركي,🏛️ History,American
في أي عام وقع الهجوم على بيرل هاربر؟,In what year was Pearl Harbor attacked?,1941,1941,🏛️ التاريخ,أميركي,🏛️ History,American
أي دولة هاجمت بيرل هاربر؟,Which country attacked Pearl Harbor?,اليابان,Japan,🏛️ التاريخ,أميركي,🏛️ History,American
من كان رئيس الولايات المتحدة خلال معظم الحرب العالمية الثانية؟,Who was president during most of World War II?,فرانكلين د. روزفلت,Franklin D. Roosevelt,🏛️ التاريخ,أميركي,🏛️ History,American
أي رئيس أمريكي أذن باستخدام القنابل الذرية؟,Which president authorized the atomic bombings?,هاري إس. ترومان,Harry S. Truman,🏛️ التاريخ,أميركي,🏛️ History,American
ما أول مدينة يابانية تعرضت لقنبلة ذرية؟,Which Japanese city was the first to be hit by an atomic bomb?,هيروشيما,Hiroshima,🏛️ التاريخ,أميركي,🏛️ History,American
ما المدينة اليابانية التي تعرضت للقصف بعد هيروشيما بثلاثة أيام؟,Which Japanese city was bombed three days after Hiroshima?,ناغازاكي,Nagasaki,🏛️ التاريخ,أميركي,🏛️ History,American
ما الصراع الذي هيمن على السياسة العالمية بعد الحرب العالمية الثانية؟,What rivalry dominated global politics after World War II?,الحرب الباردة,Cold War,🏛️ التاريخ,أميركي,🏛️ History,American
أي دولة كانت المنافس الرئيسي للولايات المتحدة في الحرب الباردة؟,Which country was America's main Cold War rival?,الاتحاد السوفيتي,Soviet Union,🏛️ التاريخ,أميركي,🏛️ History,American
أي تحالف عسكري تأسس عام 1949؟,What military alliance was formed in 1949?,حلف شمال الأطلسي (الناتو),NATO,🏛️ التاريخ,أميركي,🏛️ History,American
أي حرب دارت في شبه الجزيرة الكورية بين عامي 1950 و1953؟,Which war was fought on the Korean Peninsula from 1950 to 1953?,الحرب الكورية,Korean War,🏛️ التاريخ,أميركي,🏛️ History,American
ما الصراع الطويل الذي شاركت فيه القوات الأمريكية في جنوب شرق آسيا؟,Which long conflict involved U.S. forces in Southeast Asia?,حرب فيتنام,Vietnam War,🏛️ التاريخ,أميركي,🏛️ History,American
من كان أول إنسان يمشي على سطح القمر؟,Who was the first man to walk on the Moon?,نيل أرمسترونغ,Neil Armstrong,🏛️ التاريخ,أميركي,🏛️ History,American
في أي عام هبط الأمريكيون لأول مرة على القمر؟,In what year did Americans first land on the Moon?,1969,1969,🏛️ التاريخ,أميركي,🏛️ History,American
ما اسم أول مهمة هبوط على القمر؟,What was the name of the first Moon landing mission?,أبولو 11,Apollo 11,🏛️ التاريخ,أميركي,🏛️ History,American
من قاد حركة الحقوق المدنية بالاحتجاجات السلمية؟,Who led the Civil Rights Movement with nonviolent protests?,مارتن لوثر كينغ الابن,Martin Luther King Jr.,🏛️ التاريخ,أميركي,🏛️ History,American
ما الخطاب الشهير الذي ألقاه مارتن لوثر كينغ عام 1963؟,What famous speech did Martin Luther King Jr. deliver in 1963?,لدي حلم,I Have a Dream,🏛️ التاريخ,أميركي,🏛️ History,American
أي فضيحة أدت إلى استقالة الرئيس نيكسون؟,Which scandal led to President Nixon's resignation?,ووترغيت,Watergate,🏛️ التاريخ,أميركي,🏛️ History,American
من هو الرئيس الأمريكي الوحيد الذي استقال من منصبه؟,Who was the only U.S. president to resign?,ريتشارد نيكسون,Richard Nixon,🏛️ التاريخ,أميركي,🏛️ History,American
"أي رئيس أمريكي أعلن ""الحرب على الإرهاب"" بعد أحداث 11 سبتمبر؟","Which U.S. president declared the ""War on Terror"" after 9/11?",جورج دبليو بوش,George W. Bush,🏛️ التاريخ,أميركي,🏛️ History,American
في أي عام وقعت هجمات 11 سبتمبر؟,On which year did the September 11 attacks occur?,11 سبتمبر 2001,"September 11, 2001",🏛️ التاريخ,أميركي,🏛️ History,American
أي برجين تعرضا للتدمير خلال هجمات 11 سبتمبر؟,Which skyscrapers were destroyed during the September 11 attacks?,برجا مركز التجارة العالمي,World Trade Center Twin Towers,🏛️ التاريخ,أميركي,🏛️ History,American
من أصبح أول رئيس أمريكي من أصل إفريقي؟,Who became the first African American U.S. president?,باراك أوباما,Barack Obama,🏛️ التاريخ,أميركي,🏛️ History,American
في أي عام انتُخب باراك أوباما رئيسًا لأول مرة؟,In what year was Barack Obama first elected president?,2008,2008,🏛️ التاريخ,أميركي,🏛️ History,American
"أي وثيقة تبدأ بعبارة ""نحن الشعب""؟","Which document begins with the words ""We the People""?",دستور الولايات المتحدة,United States Constitution,🏛️ التاريخ,أميركي,🏛️ History,American
في أي عام تم التوقيع على دستور الولايات المتحدة؟,In what year was the U.S. Constitution signed?,1787,1787,🏛️ التاريخ,أميركي,🏛️ History,American
ما هو القانون الأعلى في الولايات المتحدة؟,What is the supreme law of the United States?,دستور الولايات المتحدة,United States Constitution,🏛️ التاريخ,أميركي,🏛️ History,American
في أي عام بدأت حرب الاستقلال الأمريكية؟,In what year did the American Revolutionary War begin?,1775,1775,🏛️ التاريخ,أميركي,🏛️ History,American
في أي عام انتهت حرب الاستقلال الأمريكية رسميًا؟,In what year did the American Revolutionary War officially end?,1783,1783,🏛️ التاريخ,أميركي,🏛️ History,American
أي معاهدة أنهت حرب الاستقلال الأمريكية رسميًا؟,Which treaty officially ended the American Revolutionary War?,معاهدة باريس,Treaty of Paris,🏛️ التاريخ,أميركي,🏛️ History,American
أي دولة كانت تحكم المستعمرات الثلاث عشرة قبل الاستقلال؟,Which country ruled the Thirteen Colonies before independence?,بريطانيا العظمى,Great Britain,🏛️ التاريخ,أميركي,🏛️ History,American
كم عدد المستعمرات التي أعلنت استقلالها عن بريطانيا؟,How many colonies declared independence from Britain?,13,13,🏛️ التاريخ,أميركي,🏛️ History,American
أي وثيقة أعلنت استقلال الولايات المتحدة؟,What document declared American independence?,إعلان الاستقلال,Declaration of Independence,🏛️ التاريخ,أميركي,🏛️ History,American
في أي تاريخ تم اعتماد إعلان الاستقلال؟,On what date was the Declaration of Independence adopted?,4 يوليو 1776,"July 4, 1776",🏛️ التاريخ,أميركي,🏛️ History,American
من هو المؤلف الرئيسي لإعلان الاستقلال؟,Who was the principal author of the Declaration of Independence?,توماس جيفرسون,Thomas Jefferson,🏛️ التاريخ,أميركي,🏛️ History,American
من كان ملك بريطانيا العظمى خلال معظم الثورة الأمريكية؟,Who was the King of Great Britain during most of the American Revolution?,جورج الثالث,George III,🏛️ التاريخ,أميركي,🏛️ History,American
من تولى قيادة الجيش القاري؟,Who served as commander-in-chief of the Continental Army?,جورج واشنطن,George Washington,🏛️ التاريخ,أميركي,🏛️ History,American
في أي مدينة انعقد المؤتمر القاري الأول؟,Which city was the site of the First Continental Congress?,فيلادلفيا,Philadelphia,🏛️ التاريخ,أميركي,🏛️ History,American
أي دولة أصبحت أول حليف رئيسي للولايات المتحدة خلال الثورة؟,Which country became America's first major ally during the Revolution?,فرنسا,France,🏛️ التاريخ,أميركي,🏛️ History,American
أي نبيل فرنسي أصبح حليفًا مقربًا لجورج واشنطن؟,Which French nobleman became a close ally of George Washington?,المركيز دي لافاييت,Marquis de Lafayette,🏛️ التاريخ,أميركي,🏛️ History,American
أي معركة أنهت فعليًا القتال الرئيسي في الثورة الأمريكية؟,Which battle effectively ended major fighting in the Revolution?,معركة يوركتاون,Battle of Yorktown,🏛️ التاريخ,أميركي,🏛️ History,American
في أي ولاية وقعت معركة يوركتاون؟,In which state did the Battle of Yorktown occur?,فرجينيا,Virginia,🏛️ التاريخ,أميركي,🏛️ History,American
من أصبح ثاني رئيس للولايات المتحدة بعد أن ساهم في قيادة الاستقلال؟,Who became the second President of the United States after helping lead independence?,جون آدامز,John Adams,🏛️ التاريخ,أميركي,🏛️ History,American
أي دولة أوروبية قدمت دعمًا سريًا للأمريكيين قبل دخول الحرب رسميًا؟,Which European nation secretly aided the Americans before openly joining the war?,فرنسا,France,🏛️ التاريخ,أميركي,🏛️ History,American
كم عدد النجوم التي كانت على أول علم رسمي للولايات المتحدة؟,How many stars were on the first official U.S. flag?,13,13,🏛️ التاريخ,أميركي,🏛️ History,American
أي حيوان أصبح رمزًا لاستقلال الولايات المتحدة؟,What animal became a symbol of American independence?,النسر الأصلع,Bald Eagle,🏛️ التاريخ,أميركي,🏛️ History,American
ما المعركة التي تُعتبر آخر معركة في حرب الاستقلال الأمريكية؟,Which battle is considered the last battle of the Revolutionary War?,معركة يوركتاون,Battle of Yorktown,🏛️ التاريخ,أميركي,🏛️ History,American
ما اللون الرئيسي للزي العسكري البريطاني؟,What was the main color of British military uniforms in the United States?,الأحمر,Red,🏛️ التاريخ,أميركي,🏛️ History,American
